candidate,image_file,image_url,news_source,news_source_url,image_hash,bias_rating,facebook_p,facebookbias_rating,facebook_int,combine_rating
hillary_clinton,8_hillary_clinton.jpg,http://cdn.images.express.co.uk/img/dynamic/78/590x/secondary/hillary-clinton-glasses-649196.jpg,Daily Expre,http://www.express.co.uk/news/world/709081/Hillary-Clinton-health-US-presidential-election-year-vascular-dementia-claim,8e8f070f5f5c0d9b,999,,999.0,999,Unknown / unreliable
hillary_clinton,10_hillary_clinton.jpg,https://www.gannett-cdn.com/-mm-/4cf54f94e2f757b9d4e2a4becdb92a2fdf178f7a/c\u003d280-0-2496-1666\u0026r\u003dx404\u0026c\u003d534x401/local/-/media/2016/09/23/Cincinnati/Cincinnati/636102299100675700-HillaryClinton-AmericanLegion-0006-1-.jpg,Cincinnati Enquirer,http://www.cincinnati.com/story/opinion/editorials/2016/09/23/enquirer-endorses-hillary-clinton-donald-trump/90728344/,1b191d1e121b258d,999,,999.0,999,Unknown / unreliable
hillary_clinton,12_hillary_clinton.jpg,http://i2.wp.com/peopledotcom.files.wordpress.com/2016/10/clinton.jpg?crop\u003d0px%2C0px%2C1682px%2C1333px\u0026resize\u003d2000%2C1333\u0026ssl\u003d1,People,http://people.com/politics/naked-hillary-clinton-statue-new-york-city/,96864e4e0f07e6f6,999,,999.0,999,Unknown / unreliable
hillary_clinton,16_hillary_clinton.jpg,https://upload.wikimedia.org/wikipedia/commons/5/54/Hillary_Clinton_1992.jpg,Reveli,http://www.revelist.com/politics/hillary-clinton-sexism-history/3861,86838f06060d0d3a,999,,999.0,999,Unknown / unreliable
hillary_clinton,18_hillary_clinton.jpg,http://img.wennermedia.com/480-width/hillary-clinton-53d90c4e-7965-4647-b33f-8f3e479e24f7.jpg,Us Weekly,http://www.usmagazine.com/stylish/news/reebok-reimagines-hillary-clintons-power-suit-pics-w445672,4c2ea2e2e6e4c2d2,999,,999.0,999,Unknown / unreliable
hillary_clinton,21_hillary_clinton.jpg,http://cdn.images.express.co.uk/img/dynamic/78/590x/hillary-clinton-ill-709081.jpg,Daily Expre,http://www.express.co.uk/news/world/709081/Hillary-Clinton-health-US-presidential-election-year-vascular-dementia-claim,06474f47078b93b7,999,,999.0,999,Unknown / unreliable
hillary_clinton,25_hillary_clinton.jpg,https://pmcdeadline2.files.wordpress.com/2016/09/hillary-clinton-sept-11-nyc.jpg?w\u003d446\u0026h\u003d299\u0026crop\u003d1,Deadline,http://deadline.com/2016/09/hillary-clinton-911-anniversary-overheated-stumble-hollywood-fundraisers-jimmy-kimmel-live-1201817188/,9293d9d98ae4c6e6,999,,999.0,999,Unknown / unreliable
hillary_clinton,27_hillary_clinton.jpg,http://stmedia.startribune.com/images/451890+AP+105142437390.JPG,Star Tribune,http://www.startribune.com/star-tribune-editorial-board-endorsement-hillary-clinton-for-president/397983561/,fe7fef6def6ff77b,999,,999.0,999,Unknown / unreliable
hillary_clinton,31_hillary_clinton.jpg,http://www.trbimg.com/img-5813f928/turbine/ct-hillary-clinton-emails-kass-1030-20161028,Chicago Tribune,http://www.chicagotribune.com/news/columnists/kass/ct-hillary-clinton-emails-kass-1030-20161028-column.html,ccccdc1a9dd1dac8,0,www.chicagotribune.com,-0.3117,-1,Unknown / unreliable
hillary_clinton,32_hillary_clinton.jpg,http://d279m997dpfwgl.cloudfront.net/wp/2016/09/0927_hillary_clinton_shimmy_cog-1000x688.jpg,WBUR,http://www.wbur.org/cognoscenti/2016/09/27/first-debate-clinton-trump-joanna-weiss,ed4c4c4d0f1f355d,999,,999.0,999,Unknown / unreliable
hillary_clinton,36_hillary_clinton.jpg,https://pmcdeadline2.files.wordpress.com/2016/10/hillary-clinton-oct-2016.jpg?w\u003d446\u0026h\u003d299\u0026crop\u003d1,Deadline,http://deadline.com/2016/10/hillary-clinton-la-fundraiser-jeffrey-katzenberg-haim-saban-david-nevins-chelsea-clinton-1201832991/,db9b9a9e1e969696,999,,999.0,999,Unknown / unreliable
hillary_clinton,37_hillary_clinton.jpg,https://www.conservativereview.com/sss/media/images/conservative-review/article-images/2016/september/hillary-clinton-with-egg-earrings.jpg,Conservative Review,https://www.conservativereview.com/commentary/2016/09/49-abominable-facts-about-hillary-the-media-wont-tell-yo,0e0e8f8d8f4d8d5b,999,,999.0,999,Unknown / unreliable
hillary_clinton,38_hillary_clinton.jpg,https://cdn.psychologytoday.com/sites/default/files/styles/article-inline-half/public/field_blog_entry_images/Hillary_Clinton_Philadelphia_2016_(cropped).jpg?itok\u003dPq_eRVCV,Psychology Today,https://www.psychologytoday.com/blog/the-situation-lab/201610/the-personality-hillary-clinton,a93d43498913378d,999,,999.0,999,Unknown / unreliable
hillary_clinton,41_hillary_clinton.jpg,https://s3.amazonaws.com/assets.forward.com/images/cropped/hillaryclinton-0926-1474993469.jpg,The Forward,http://forward.com/sisterhood/350878/that-time-donald-trump-tried-to-mansplain-hillary-clinton-and-lost-the-deba/,9a0d1d3e1e2a3b17,999,,999.0,999,Unknown / unreliable
hillary_clinton,42_hillary_clinton.jpg,http://www.investors.com/wp-content/uploads/2016/08/GUEST-clinton-083016-AP.jpg,Investor\u0027s Business Daily,http://www.investors.com/politics/commentary/of-course-hillary-clinton-deleted-those-benghazi-emails-on-purpose/,064e4f8f4f49cdcc,999,,999.0,999,Unknown / unreliable
hillary_clinton,43_hillary_clinton.jpg,https://media1.britannica.com/eb-media/99/190899-004-6B666158.jpg,Encyclopedia Britannica,https://www.britannica.com/biography/Hillary-Rodham-Clinton,488c8c0c8ccbc9a4,999,,999.0,999,Unknown / unreliable
hillary_clinton,45_hillary_clinton.jpg,http://media.npr.org/assets/img/2016/09/22/clinton2ferns_sq-c6ab983115ee6622a6c0b6c8445772809a9ec183-s300-c85.jpg,NPR,http://www.npr.org/2016/09/23/495172227/watch-20-years-before-two-ferns-hillary-clinton-played-forrest-gump,0d0e0e060f07460e,0,www.npr.org,-0.6103,-2,Unknown / unreliable
hillary_clinton,48_hillary_clinton.jpg,http://www.snopes.com/wordpress/wp-content/uploads/2016/09/clinton-earpiece-large.jpg,Snopes.com,http://www.snopes.com/hillary-clinton-secret-earpiece/,7df4ce161ed6550d,999,,999.0,999,Unknown / unreliable
hillary_clinton,53_hillary_clinton.jpg,http://radaronline.com/wp-content/uploads/2016/07/hillary-clinton-health-troubles-email-leak-details-06.jpg,Radar Online,http://radaronline.com/photos/hillary-clinton-health-troubles-email-leak-details/,200c0c8c4d4dccb2,999,,999.0,999,Unknown / unreliable
hillary_clinton,54_hillary_clinton.jpg,http://www.theamericanmirror.com/wp-content/uploads/2016/10/Hillary-Clinton-parkinsons.jpg,The American Mirror,http://www.theamericanmirror.com/parkinsons-hillarys-head-shakes-harrisburg-press-conference/,2d0d0d2f27252979,999,,999.0,999,Unknown / unreliable
hillary_clinton,55_hillary_clinton.jpg,http://cdn.images.express.co.uk/img/dynamic/78/590x/secondary/hillary-clinton-seizures-649190.jpg,Daily Expre,http://www.express.co.uk/news/world/709081/Hillary-Clinton-health-US-presidential-election-year-vascular-dementia-claim,861315170f0f0d87,999,,999.0,999,Unknown / unreliable
hillary_clinton,63_hillary_clinton.jpg,http://www.nationalenquirer.com/wp-content/uploads/2016/09/hillary-clinton-health-secrets-coverup-1a.jpg,National Enquirer,http://www.nationalenquirer.com/photos/hillary-clinton-health-secrets-concussion-stroke-ms-claims/,983c16723b3b3979,999,,999.0,999,Unknown / unreliable
hillary_clinton,65_hillary_clinton.jpg,http://www.newsobserver.com/opinion/editorials/2m15pf/picture106974772/ALTERNATES/FREE_640/Hillary%203(2),News \u0026 Observer,http://www.newsobserver.com/opinion/editorials/article106974777.html,390909093939391b,999,,999.0,999,Unknown / unreliable
hillary_clinton,68_hillary_clinton.jpg,http://radaronline.com/wp-content/uploads/2015/07/hillary-clinton-makeup-mistakes-bad-hair-14.jpg,Radar Online,http://radaronline.com/photos/hillary-clinton-makeup-hair-malfunctions-photos-presidential-candidate-getting-ready-daily-challenge/,0f0f1f0f87c78d93,999,,999.0,999,Unknown / unreliable
hillary_clinton,69_hillary_clinton.jpg,http://radaronline.com/wp-content/uploads/2016/03/hillary-clinton-rude-videos.jpg,Radar Online,http://radaronline.com/photos/hillary-clinton-rude-videos-bill-clinton-presidential-candidate-most-obnoxious-heckler-moments/,8b932727274f0b0b,999,,999.0,999,Unknown / unreliable
hillary_clinton,72_hillary_clinton.jpg,https://media2.giphy.com/media/l0HlE56oAxpngfnWM/giphy-facebook_s.jpg?t\u003d1,Giphy,http://giphy.com/search/hillary-clinton,ca8f064e4e4e4f4d,999,,999.0,999,Unknown / unreliable
hillary_clinton,73_hillary_clinton.jpg,http://media2.fdncms.com/stranger/imager/u/original/24584711/1475003552-1460746207-shutterstock_405351559_480.jpg,The Stranger,http://www.thestranger.com/slog/2016/09/27/24584577/unsolicited-advice-for-hillary-clinton,060e0f4f4f0d4b0b,999,,999.0,999,Unknown / unreliable
hillary_clinton,74_hillary_clinton.jpg,https://wp.zillowstatic.com/3/Hillary_Clinton_official_Secretary_of_State_portrait_crop-3ab7a1.jpg,Zillow,https://www.zillow.com/research/hillary-clintons-housing-plans-13290/,764fce5e4be6b6d2,999,,999.0,999,Unknown / unreliable
hillary_clinton,78_hillary_clinton.jpg,http://a.abcnews.com/images/Politics/GTY-hillary-clinton-jt-161028_31x13_1600.jpg,ABC News - Go.com,http://abcnews.go.com/Politics/timeline-hillary-clintons-email-saga/story?id\u003d29442707,8a0c0c2fa71d8dcd,999,,999.0,999,Unknown / unreliable
hillary_clinton,79_hillary_clinton.jpg,https://s3.amazonaws.com/assets.forward.com/images/cropped/hillaryclinton-0912-1473662547.jpg,The Forward,http://forward.com/opinion/politics/349650/did-hillary-forget-watergate-its-not-pneumonia-that-gets-you-its-the-cover/,961e262c1c2c3e36,999,,999.0,999,Unknown / unreliable
hillary_clinton,87_hillary_clinton.jpg,http://static2.blastingnews.com/media/photogallery/2016/10/28/290x290/b_290x290/hillary-clinton-set-to-unveil-campaign-finance-proposal-politico-politico-com_946625.jpg,US.Blasting.New,http://us.blastingnews.com/news/2016/10/fbi-re-investigating-hillary-clinton-emails-raises-serious-questions-of-partisan-attack-001217017.html,cd8787072626cbe5,999,,999.0,999,Unknown / unreliable
hillary_clinton,90_hillary_clinton.jpg,https://i2.wp.com/moneynation.com/wp-content/uploads/2015/05/hillary-clinton-net-worth-facts.png,Money Nation,http://moneynation.com/hillary-clinton-net-worth/,d466c7c66766c3c9,999,,999.0,999,Unknown / unreliable
hillary_clinton,91_hillary_clinton.jpg,https://www.minnpost.com/sites/default/files/imagecache/article_detail/images/articles/HillaryClintonSept2016Debate640.jpg,MinnPo,https://www.minnpost.com/politics-policy/2016/09/i-watched-first-presidential-debate-three-times-hillary-clinton-won,4d4d4dc90d370b0b,999,,999.0,999,Unknown / unreliable
hillary_clinton,94_hillary_clinton.jpg,http://hbz.h-cdn.co/assets/16/39/hbz-hillary-clinton-0926-getty.jpg,Harper\u0027s Bazaar,http://www.harpersbazaar.com/celebrity/red-carpet-dresses/news/g6036/hillary-clinton-campaign-fashion/,4c0c9e969d9d5b5f,999,,999.0,999,Unknown / unreliable
hillary_clinton,98_hillary_clinton.jpg,http://a.abcnews.com/images/Politics/ap_clinton_er_161023_31x13_1600.jpg,ABC News - Go.com,http://abcnews.go.com/Politics/fbi-director-investigation-hillary-clinton-emails-back/story?id\u003d43138105,4969380414362e4a,999,,999.0,999,Unknown / unreliable
hillary_clinton,102_hillary_clinton.jpg,http://img.wennermedia.com/480-width/615701792_hillary-clinton-zoom-4a82bdf4-9b2c-40d3-b6d4-6aee950122ec.jpg,Us Weekly,http://www.usmagazine.com/celebrity-news/news/hillary-clinton-lost-the-election-but-may-win-popular-vote-w449047,cd0d4d4d8e1b2b2b,999,,999.0,999,Unknown / unreliable
hillary_clinton,106_hillary_clinton.jpg,http://www.nationalenquirer.com/wp-content/uploads/2016/09/hillary-clinton-health-brain-tumor-7.jpg,National Enquirer,http://www.nationalenquirer.com/photos/hillary-clinton-health-seizures-eye-movements-brain-tumor-video/,1606075d4e5d9d6f,999,,999.0,999,Unknown / unreliable
hillary_clinton,107_hillary_clinton.jpg,http://r.fod4.com/c\u003dsq/s\u003dw200,Funny Or Die,http://www.funnyordie.com/videos/b2fc974d1d/between-two-ferns-with-zach-galifianakis-hillary-clinton,decfc7c7cec6cecc,999,,999.0,999,Unknown / unreliable
hillary_clinton,109_hillary_clinton.jpg,http://ei.marketwatch.com//Multimedia/2016/09/07/Photos/ZH/MW-EV446_clinto_20160907111341_ZH.jpg?uuid\u003da936eac0-750d-11e6-8a3d-00137241c023,MarketWatch,http://www.marketwatch.com/story/10-things-the-goldman-sachs-tapes-reveal-about-hillary-clinton-2016-10-19,cacbcdc7c4c4c787,999,,999.0,999,Unknown / unreliable
hillary_clinton,120_hillary_clinton.jpg,http://cdn4.thr.com/sites/default/files/imagecache/landscape_928x523/2016/10/hillary_clinton_serious-_second_presidential_debate_-_getty_-_h_-_2016_0.jpg,Hollywood Reporter,http://www.hollywoodreporter.com/news/fox-news-apologizes-inaccurate-hillary-clinton-report-944370,0d9d8d9d8d9b3f0d,999,,999.0,999,Unknown / unreliable
hillary_clinton,140_hillary_clinton.jpg,http://i0.wp.com/radaronline.com/wp-content/uploads/2016/07/hillary-clinton-health-troubles-email-leak-details-05.jpg?fit\u003d700%2C700,Radar Online,http://radaronline.com/photos/hillary-clinton-health-troubles-email-leak-details/,1f3b6969697b3232,999,,999.0,999,Unknown / unreliable
hillary_clinton,141_hillary_clinton.jpg,http://hbz.h-cdn.co/assets/16/43/980x490/landscape-1477322532-hbz-hillary-clinton-1023-getty-index.jpg,Harper\u0027s Bazaar,http://www.harpersbazaar.com/celebrity/red-carpet-dresses/news/g6036/hillary-clinton-campaign-fashion/,acaeaaaaaca6a2a6,999,,999.0,999,Unknown / unreliable
hillary_clinton,143_hillary_clinton.jpg,http://static01.mediaite.com/med/wp-content/uploads/2016/09/Clinton-7-e1474566318260-1-300x197.jpg,Mediaite,http://www.mediaite.com/online/hillary-clinton-awkwardly-shouts-her-way-through-speech-why-arent-i-50-points-ahead/,4c0e0e4d4d4c680c,-1,www.mediaite.com,-0.1326,0,Unknown / unreliable
hillary_clinton,144_hillary_clinton.jpg,https://www.desmogblog.com/sites/beta.desmogblog.com/files/styles/full_width_blog_image/public/blogimages/hillary%20clinton_0.jpg?itok\u003dk5I6olfm,DeSmogBlog,https://www.desmogblog.com/2016/09/07/hillary-clinton-raking-fossil-fuel-money-alarming-rate,cdcdcd4d664b4f13,999,,999.0,999,Unknown / unreliable
hillary_clinton,146_hillary_clinton.jpg,https://pmcdeadline2.files.wordpress.com/2016/10/hillary-clinton-debate-3.jpg,Deadline,http://deadline.com/tag/hillary-clinton/,af4f4f1b0d0d9f9e,999,,999.0,999,Unknown / unreliable
hillary_clinton,150_hillary_clinton.jpg,http://i1.wp.com/radaronline.com/wp-content/uploads/2016/07/hillary-clinton-health-troubles-email-leak-details-07.jpg?fit\u003d700%2C700,Radar Online,http://radaronline.com/photos/hillary-clinton-health-troubles-email-leak-details/,56271656243626b2,999,,999.0,999,Unknown / unreliable
hillary_clinton,153_hillary_clinton.jpg,https://m.hrc.onl/secretary/05-feed/04-sept/16-isis-update/hrc-plan-isis-feed-cover-700x467.jpg,Hillary for America,https://www.hillaryclinton.com/feed/hillary-clinton-has-real-plan-defeat-isis-and-prevent-another-attack-brussels-heres-how/,1c3d3d35747676f7,999,,999.0,999,Unknown / unreliable
hillary_clinton,155_hillary_clinton.jpg,https://peopledotcom.files.wordpress.com/2016/08/hillary-kimmel-435.jpg?w\u003d435,People,http://people.com/celebrity/hillary-clinton-talks-being-a-grandmother-and-date-nights-with-bill/,07ce8e6c37683e3d,999,,999.0,999,Unknown / unreliable
hillary_clinton,160_hillary_clinton.jpg,http://www.thewrap.com/wp-content/uploads/2016/10/HillaryClinton-8.jpg,TheWrap,http://www.thewrap.com/hillary-clinton-slices-michael-flynn-with-pizzagate-burn/,0f1f4b1f9f1f3fcc,999,,999.0,999,Unknown / unreliable
hillary_clinton,162_hillary_clinton.jpg,http://radaronline.com/wp-content/uploads/2016/06/hillary-clinton-desperate-plan-exploit-trump-exposed-leak.jpg,Radar Online,http://radaronline.com/photos/hillary-clinton-email-leak-donald-trump/,93ab6b6d4de9ed2b,999,,999.0,999,Unknown / unreliable
hillary_clinton,163_hillary_clinton.jpg,http://i0.wp.com/radaronline.com/wp-content/uploads/2016/09/hillary-clinton-health-physician-releases-statement-pp.jpg?resize\u003d540%2C400,Radar Online,http://radaronline.com/exclusives/2016/09/hillary-clinton-health-physician-releases-statement/,4f0f1f1f0f4e0e1b,999,,999.0,999,Unknown / unreliable
hillary_clinton,166_hillary_clinton.jpg,http://i1.wp.com/peopledotcom.files.wordpress.com/2016/10/hillary-clinton-news.jpg?crop\u003d0px%2C0px%2C2000px%2C1333px\u0026resize\u003d2000%2C1333\u0026ssl\u003d1,People,http://people.com/style/reebok-hillary-clinton-pantsuits/,cd8d0d4f0e160636,999,,999.0,999,Unknown / unreliable
hillary_clinton,167_hillary_clinton.jpg,https://d3jkudlc7u70kh.cloudfront.net/hillary-clinton-facts.jpg,Fact Retriever,https://www.factretriever.com/hillary-clinton-facts,4761c32c0d4e1a66,999,,999.0,999,Unknown / unreliable
hillary_clinton,171_hillary_clinton.jpg,http://bloximages.newyork1.vip.townnews.com/postandcourier.com/content/tncms/assets/v3/editorial/3/93/393756f8-eb0f-56d0-9a2c-07b71cc939c3/58051d16d6572.image.jpg?resize\u003d1200%2C853,Post and Courier,http://www.postandcourier.com/politics/hillary-clinton-continues-to-make-case-to-black-voters-during/article_b91ca07d-dbe4-50a3-b1a3-083197ffa5c3.html,4b53534252db5d4d,999,,999.0,999,Unknown / unreliable
hillary_clinton,179_hillary_clinton.jpg,https://pmcdeadline2.files.wordpress.com/2016/09/hillary-clinton-sept-30-2.jpg?w\u003d446\u0026h\u003d299\u0026crop\u003d1,Deadline,http://deadline.com/2016/09/hillary-clinton-fundraiser-julia-roberts-lin-manuel-miranda-new-york-1201829269/,6d4d4d8d9e96969e,999,,999.0,999,Unknown / unreliable
hillary_clinton,186_hillary_clinton.jpg,https://usatcollege.files.wordpress.com/2016/10/hillary-clinton-ohio-1.jpg?w\u003d1000,USA TODAY College,http://college.usatoday.com/2016/10/11/hillary-clinton-ohio-state/,93737363656f0d1d,999,,999.0,999,Unknown / unreliable
hillary_clinton,194_hillary_clinton.jpg,http://i0.wp.com/www.nationalenquirer.com/wp-content/uploads/2016/08/hillary-clinton-health-illness-balance-ms-10.jpg?fit\u003d700%2C700,National Enquirer,http://www.nationalenquirer.com/photos/hillary-clinton-health-secrets-crisis-ms-stroke-claims/,24191b0533132339,999,,999.0,999,Unknown / unreliable
hillary_clinton,195_hillary_clinton.jpg,http://media.gettyimages.com/photos/democratic-presidential-nominee-hillary-clinton-gives-two-thumbs-up-picture-id584447694?s\u003d594x594,Getty Image,http://www.gettyimages.com/photos/hillary-clinton,aa8dcdcccc4dcdcf,999,,999.0,999,Unknown / unreliable
hillary_clinton,198_hillary_clinton.jpg,https://clinton.media.mit.edu/static/images/Hillary%20Clinton.png,ClintonCircle,https://clinton.media.mit.edu/clinton,f6b58f8f9f96dfcd,999,,999.0,999,Unknown / unreliable
hillary_clinton,199_hillary_clinton.jpg,http://radaronline.com/wp-content/uploads/2015/07/hillary-clinton-makeup-mistakes-bad-hair-22.jpg,Radar Online,http://radaronline.com/photos/hillary-clinton-makeup-hair-malfunctions-photos-presidential-candidate-getting-ready-daily-challenge/,cee6c3c5c5c56c4c,999,,999.0,999,Unknown / unreliable
hillary_clinton,200_hillary_clinton.jpg,https://peopledotcom.files.wordpress.com/2016/08/hillary-clinton-2-600-1.jpg?w\u003d600\u0026h\u003d600,People,http://people.com/celebrity/inside-hillary-clintons-vogue-photo-shoot-with-mario-testino/,70e4c0828082c8c0,999,,999.0,999,Unknown / unreliable
hillary_clinton,210_hillary_clinton.jpg,https://static01.nyt.com/images/2016/09/27/opinion/27northWEB/27northWEB-blog480.jpg,Taking Note - The New York Time,https://takingnote.blogs.nytimes.com/2016/09/27/the-power-of-hillary-clintons-throwback-photos/,3c301819d83cdce4,999,,999.0,999,Unknown / unreliable
hillary_clinton,212_hillary_clinton.jpg,http://cdn.yalerecord.org/wp-content/uploads/2016/10/27023450/majestic-clinton-x.jpg,The Yale Record,http://yalerecord.org/2016/10/26/the-yale-record-does-not-endorse-hillary-clinton/,2f0f8383494b17d9,999,,999.0,999,Unknown / unreliable
hillary_clinton,219_hillary_clinton.jpg,http://media.npr.org/assets/img/2016/09/10/gettyimages-601727086_wide-ee68a2fc4782ffd868f6bdd63b711931a3d2bfdf-s900-c85.jpg,NPR,http://www.npr.org/2016/09/10/493427601/hillary-clintons-basket-of-deplorables-in-full-context-of-this-ugly-campaign,878393939383a3b7,0,www.npr.org,-0.6103,-2,Unknown / unreliable
hillary_clinton,227_hillary_clinton.jpg,http://hbz.h-cdn.co/assets/16/41/480x720/hbz-hillary-clinton-1009-getty1.jpg,Harper\u0027s Bazaar,http://www.harpersbazaar.com/celebrity/red-carpet-dresses/news/g6036/hillary-clinton-campaign-fashion/,4d4d0d6fec505810,999,,999.0,999,Unknown / unreliable
hillary_clinton,237_hillary_clinton.jpg,http://media.gettyimages.com/photos/democratic-presidential-candidate-hillary-clinton-speaks-to-members-picture-id501326172?s\u003d594x594,Getty Image,http://www.gettyimages.com/photos/hillary-clinton,4c9c8e46a4372338,999,,999.0,999,Unknown / unreliable
hillary_clinton,241_hillary_clinton.jpg,http://s.marketwatch.com/public/resources/MWimages/MW-EV830_clinto_MG_20160913133738.jpg,MarketWatch,http://www.marketwatch.com/story/hillary-clinton-set-to-win-popular-vote-even-as-shes-lost-the-presidency-2016-11-09,5d1d1b59d9999998,999,,999.0,999,Unknown / unreliable
hillary_clinton,243_hillary_clinton.jpg,https://www.thesun.co.uk/wp-content/uploads/2016/09/nintchdbpict000266361712.jpg?w\u003d640\u0026strip\u003dall,The Sun,https://www.thesun.co.uk/news/1776028/teresa-barnwell-hillary-clinton-body-double/,8c0e0e0c1e756565,999,,999.0,999,Unknown / unreliable
hillary_clinton,246_hillary_clinton.jpg,https://media1.britannica.com/eb-media/93/191093-049-8BA6FEE5.jpg,Encyclopedia Britannica,https://www.britannica.com/biography/Hillary-Rodham-Clinton,57636c6d4f6bc9cc,999,,999.0,999,Unknown / unreliable
hillary_clinton,251_hillary_clinton.jpg,http://www.larslarson.com/wp-content/uploads/2016/09/Hillary_Clinton_File-585x390.jpg,Lars Larson,http://www.larslarson.com/tag/hillary-clinton/,2d1d1d59d190542c,999,,999.0,999,Unknown / unreliable
hillary_clinton,257_hillary_clinton.jpg,http://media.gettyimages.com/photos/democratic-presidential-candidate-hillary-clinton-speaks-during-a-picture-id618600764?s\u003d594x594,Getty Image,http://www.gettyimages.com/photos/hillary-clinton,333333333333296d,999,,999.0,999,Unknown / unreliable
hillary_clinton,268_hillary_clinton.jpg,http://static01.mediaite.com/med/wp-content/uploads/2016/10/clinton-e1464824215813-1-300x197.jpg,Mediaite,http://www.mediaite.com/online/hillary-clinton-privately-acknowledged-she-stepped-in-it-after-deplorables-comment/,0c07078787863733,-1,www.mediaite.com,-0.1326,0,Unknown / unreliable
hillary_clinton,269_hillary_clinton.jpg,https://pmchollywoodlife.files.wordpress.com/2016/10/hillary-clinton-third-debate-lead1.jpg?w\u003d600,Hollywood Life,http://hollywoodlife.com/2016/10/19/hillary-clinton-outfit-third-debate-white-pantsuit-pics/,ccca088c9c94b622,999,,999.0,999,Unknown / unreliable
hillary_clinton,271_hillary_clinton.jpg,https://qzprod.files.wordpress.com/2016/09/rtspkcl.jpg?quality\u003d80\u0026strip\u003dall,Quartz,https://qz.com/795906/election-2016-i-wrote-that-i-despised-hillary-clinton-today-i-want-to-publicly-take-it-back/,0d4e4e4e4c4ec686,0,qz.com,-0.4713,-1,Unknown / unreliable
hillary_clinton,276_hillary_clinton.jpg,http://img.wennermedia.com/square-400/hillary-clinton-99d8ed7b-10c5-40dc-b8b9-884af36d5a21.jpg,Us Weekly,http://www.usmagazine.com/celebrity-news/news/hillary-clinton-says-future-is-female-in-post-inauguration-video-w465444,1b9f0e0d09cac925,999,,999.0,999,Unknown / unreliable
hillary_clinton,283_hillary_clinton.jpg,http://cdn-img.instyle.com/sites/default/files/styles/276x276/public/images/2015/06/061715-hillary-clinton-pantsuits-13.jpg?itok\u003dZFUL-eq5,InStyle,http://www.instyle.com/celebrity/hillary-clintons-colorful-pantsuits,4fc7c79e9e9b171f,999,,999.0,999,Unknown / unreliable
hillary_clinton,285_hillary_clinton.jpg,https://media2.wnyc.org/i/800/0/c/80/1/clinton911_Jmrae6B.jpg,WNYC,http://www.wnyc.org/story/clinton-9-11/,9b84993bde98a1c7,999,,999.0,999,Unknown / unreliable
hillary_clinton,291_hillary_clinton.jpg,http://static01.mediaite.com/med/wp-content/uploads/2016/10/clinton-1-300x197.jpg,Mediaite,http://www.mediaite.com/election-2016/poll-huge-majority-believe-media-is-biased-in-favor-of-hillary-clinton/,4ca51d1e8ddf4d16,-1,www.mediaite.com,-0.1326,0,Unknown / unreliable
hillary_clinton,296_hillary_clinton.jpg,http://a.abcnews.com/images/Politics/161020_vod_orig_final_debate_fact_check_MIX_16x9_1600.jpg,ABC News - Go.com,http://abcnews.go.com/Politics/presidential-debate-fact-check-donald-trump-hillary-clinton/story?id\u003d42906344,0f4d4d491e9e9e96,999,,999.0,999,Unknown / unreliable
hillary_clinton,300_hillary_clinton.jpg,http://www.nationalenquirer.com/wp-content/uploads/2016/09/hillary-clinton-health-secrets-coverup-4.jpg,National Enquirer,http://www.nationalenquirer.com/photos/hillary-clinton-health-secrets-concussion-stroke-ms-claims/,192925252329890c,999,,999.0,999,Unknown / unreliable
hillary_clinton,312_hillary_clinton.jpg,https://hips.hearstapps.com/cos.h-cdn.co/assets/16/11/2560x1280/landscape-1458065075-hillary-clinton1.jpg?resize\u003d480:*,Cosmopolitan,http://www.cosmopolitan.com/politics/news/a55279/millennial-women-hillary-clinton-supporters/,171f1b1f1d5f190e,999,,999.0,999,Unknown / unreliable
hillary_clinton,316_hillary_clinton.jpg,http://www.newsobserver.com/news/politics-government/election/af51cp/picture104459191/ALTERNATES/FREE_640/HILLARY1NE092716CEL,The News \u0026 Observer,http://www.newsobserver.com/news/politics-government/election/article104434416.html,31259d6ddddfda5b,999,,999.0,999,Unknown / unreliable
hillary_clinton,317_hillary_clinton.jpg,https://pmcvariety.files.wordpress.com/2016/10/hillary-clinton-final-debate-11.jpg?w\u003d670\u0026h\u003d377\u0026crop\u003d1,Variety,http://variety.com/2016/biz/news/hillary-clinton-att-time-warner-merger-1201901796/,1b9b1a9b9b3d2d0b,999,,999.0,999,Unknown / unreliable
hillary_clinton,322_hillary_clinton.jpg,http://www.rd.com/wp-content/uploads/sites/2/2016/09/01-hillary-clinton-quotes.jpg,Reader\u0027s Dige,http://www.rd.com/culture/hillary-clinton-facts/,2d474d4f4c4d4d2f,999,,999.0,999,Unknown / unreliable
hillary_clinton,326_hillary_clinton.jpg,http://www.trbimg.com/img-5751d075/turbine/ct-hillary-clinton-foreign-policy-trump-perspec-0605-md-20160603,Chicago Tribune,http://www.chicagotribune.com/news/opinion/chapman/ct-hillary-clinton-foreign-policy-trump-perspec-0605-md-20160603-column.html,1b171616945dece4,0,www.chicagotribune.com,-0.3117,-1,Unknown / unreliable
hillary_clinton,327_hillary_clinton.jpg,http://www.charlotteobserver.com/news/politics-government/campaign-tracker-blog/9dqgv4/picture111066157/ALTERNATES/FREE_640/Hillary%20Clinton,Charlotte Observer,http://www.charlotteobserver.com/news/politics-government/campaign-tracker-blog/article111066162.html,5b58585d5c4c1c5c,999,,999.0,999,Unknown / unreliable
hillary_clinton,334_hillary_clinton.jpg,https://www.autostraddle.com/wp-content/uploads/2016/12/hillary-clinton-presidential-debate-1.jpg,Autostraddle,https://www.autostraddle.com/top-10-hillary-clinton-pantsuits-of-2016-362462/,4f1f1f5f0fafbf2e,999,,999.0,999,Unknown / unreliable
hillary_clinton,341_hillary_clinton.jpg,http://www.newstatesman.com/sites/default/files/styles/nodeimage/public/blogs_2016/09/hillary.jpg?itok\u003d39bmqpnh,New Statesman,http://www.newstatesman.com/world/north-america/2016/09/hillary-clinton-why-im-he,74e4ed6dcc6c3939,999,,999.0,999,Unknown / unreliable
hillary_clinton,342_hillary_clinton.jpg,http://www.thewrap.com/wp-content/uploads/2016/10/HillaryClinton-7.jpg,TheWrap,http://www.thewrap.com/hillary-clinton-urges-fbi-release-information/,0f1b5b1d373f1dd1,999,,999.0,999,Unknown / unreliable
hillary_clinton,344_hillary_clinton.jpg,https://peopledotcom.files.wordpress.com/2016/08/hillary-clinton-a-435-1.jpg?w\u003d435,People,http://people.com/celebrity/does-hillary-clinton-wear-a-wig-her-hairdresser-reveals-the-real-story/,212969cbcf8dc6c3,999,,999.0,999,Unknown / unreliable
hillary_clinton,346_hillary_clinton.jpg,http://cdn.newsday.com/polopoly_fs/1.12483083.1477058866!/httpImage/image.jpeg_gen/derivatives/display_600/image.jpeg,Newsday,http://www.newsday.com/opinion/editorial/hillary-clinton-should-be-our-next-president-1.12483084,636b8d8d0d0f9e96,999,,999.0,999,Unknown / unreliable
hillary_clinton,348_hillary_clinton.jpg,https://s3.amazonaws.com/media.dpn/54196_46451_hillary_clintonff.jpg,The Daily Pennsylvanian,http://www.thedp.com/article/2016/10/wellesley-penn-endorse-hillary-clinton-over-donald-trump,9999d733391a0ac7,999,,999.0,999,Unknown / unreliable
hillary_clinton,355_hillary_clinton.jpg,https://cdn1.ijr.com/wp-content/uploads/2016/09/gettyimages-487369738-1024x567.jpg,IJR.com,http://ijr.com/2016/09/687917-federal-prosecutor-called-on-to-investigate-hillary-clinton-for-obstruction-of-justice/,2a4a2a3a3a2a1a86,999,,999.0,999,Unknown / unreliable
hillary_clinton,358_hillary_clinton.jpg,https://peopledotcom.files.wordpress.com/2016/08/hillary-clinton-435-2.jpg?w\u003d435,People,http://people.com/tv/hillary-clinton-says-she-was-fired-from-job-at-alaskan-fishing-cannery/,0c0e4e4c48949184,999,,999.0,999,Unknown / unreliable
hillary_clinton,360_hillary_clinton.jpg,http://i.ndtvimg.com/i/2016-10/hillary-clinton-reuters-650_650x400_51476242318.jpg,NDTV.com,http://www.ndtv.com/world-news/wikileaks-releases-hillary-clinton-speeches-for-goldman-sachs-1474771,133323270d0d7971,999,,999.0,999,Unknown / unreliable
hillary_clinton,362_hillary_clinton.jpg,http://hbz.h-cdn.co/assets/16/43/480x720/hbz-hillary-clinton-1023-getty.jpg,Harper\u0027s Bazaar,http://www.harpersbazaar.com/celebrity/red-carpet-dresses/news/g6036/hillary-clinton-campaign-fashion/,a9aea4a6a0b0b0a4,999,,999.0,999,Unknown / unreliable
hillary_clinton,371_hillary_clinton.jpg,http://www.trbimg.com/img-57ee8d81/turbine/fl-endorsement-hillary-clinton-president-20161001,Sun Sentinel,http://www.sun-sentinel.com/opinion/endorsements/fl-endorsement-hillary-clinton-president-20161001-story.html,15f31373136e0e0e,999,,999.0,999,Unknown / unreliable
hillary_clinton,380_hillary_clinton.jpg,http://i3.mirror.co.uk/incoming/article8920749.ece/ALTERNATES/s615b/Democratic-nominee-Hillary-Clinton-speak.jpg,Mirror,http://www.mirror.co.uk/news/world-news/donald-trump-vs-hillary-clinton-8921089,9a1a1a1b34345b1b,999,,999.0,999,Unknown / unreliable
hillary_clinton,384_hillary_clinton.jpg,http://cdn-img.instyle.com/sites/default/files/styles/276x276/public/images/2015/06/061715-hillary-clinton-pantsuits-31.jpg?itok\u003d9tLm2ZZy,InStyle,http://www.instyle.com/celebrity/hillary-clintons-colorful-pantsuits,894b9272395958e8,999,,999.0,999,Unknown / unreliable
hillary_clinton,386_hillary_clinton.jpg,https://peopledotcom.files.wordpress.com/2016/08/hillary-clinton-reno-435.jpg?w\u003d435,People,http://people.com/tv/hillary-clinton-says-criticism-has-helped-her-develop-thick-skin/,4cb4a59b54dc0e1f,999,,999.0,999,Unknown / unreliable
hillary_clinton,392_hillary_clinton.jpg,https://cdn.pastemagazine.com/www/articles/ClintonBirtherLead.jpg,Paste Magazine,https://www.pastemagazine.com/tag/hillary+clinton,a7a7cf07074f1f97,999,,999.0,999,Unknown / unreliable
hillary_clinton,395_hillary_clinton.jpg,http://a.abcnews.com/images/Politics/ABC_muir_clinton_19_jt_160905_12x5_1600.jpg,ABC News - Go.com,http://abcnews.go.com/Politics/exclusive-hillary-clinton-husband-bill-resign-foundation-post/story?id\u003d41878492,8c8c1d1d1e5e7b7a,999,,999.0,999,Unknown / unreliable
hillary_clinton,405_hillary_clinton.jpg,http://i1.wp.com/www.nwpc.org/wp-content/uploads/2016/02/Screen-Shot-2016-02-01-at-3.52.34-PM.png?fit\u003d865%2C391,National Women\u0027s Political Caucu,http://www.nwpc.org/reasons-why-hillary-clinton-should-be-our-next-president/,4c4e4a49594a69b9,999,,999.0,999,Unknown / unreliable
hillary_clinton,406_hillary_clinton.jpg,https://pmcwwd.files.wordpress.com/2016/07/ap_16211094144719.jpg?w\u003d640\u0026h\u003d415\u0026crop\u003d1,WWD.com,http://wwd.com/fashion-news/fashion-scoops/hillary-clinton-historic-dnc-acceptance-speech-10498558/,33a397130b331b1a,999,,999.0,999,Unknown / unreliable
hillary_clinton,420_hillary_clinton.jpg,http://www.belfasttelegraph.co.uk/incoming/article35145955.ece/ALTERNATES/h342/Clinton-Trump-034.jpg,Belfast Telegraph,http://www.belfasttelegraph.co.uk/opinion/news-analysis/hillary-clinton-could-start-world-war-3-heres-how-35160599.html,0b1b9b931b2b263e,999,,999.0,999,Unknown / unreliable
hillary_clinton,440_hillary_clinton.jpg,https://i1.wp.com/heatst.com/wp-content/uploads/2016/08/hillary-clinton4.jpg?crop\u003d97px%2C0px%2C1840px%2C1228px\u0026resize\u003d337%2C225\u0026quality\u003d80\u0026strip\u003dall\u0026ssl\u003d1,Heat Stree,https://heatst.com/politics/wikileaks-clinton-energizer-mistress/,307262278683839e,999,,999.0,999,Unknown / unreliable
hillary_clinton,441_hillary_clinton.jpg,http://s2.r29static.com//bin/entry/ed3/x,Refinery29,http://www.refinery29.com/2016/07/118352/hillary-clinton-white-pantsuit-dnc,6ff69e064b692c4d,999,,999.0,999,Unknown / unreliable
hillary_clinton,442_hillary_clinton.jpg,https://hips.hearstapps.com/hmg-prod.s3.amazonaws.com/images/hillary-clinton-speech-1474640124.jpg?crop\u003d1.00xw:0.753xh;0,Cosmopolitan,http://www.cosmopolitan.com/politics/a3700858/hillary-clinton-reservations-criticism/,c7cfcf4dcdcb9b99,999,,999.0,999,Unknown / unreliable
hillary_clinton,454_hillary_clinton.jpg,http://cdn-image.foodandwine.com/sites/default/files/styles/rd_fwrd_blog_main_image/public/1457039174/hillary-clinton-FT-BLOG0316.jpg?itok\u003dwgZl4pq3,Food \u0026 Wine,http://www.foodandwine.com/blogs/hillary-clinton-joins-no-tip-restaurant-movement,9d9e8d8564542266,999,,999.0,999,Unknown / unreliable
hillary_clinton,458_hillary_clinton.jpg,http://a.abcnews.com/images/Politics/GTY_hillary_clinton_jef_160923_12x5_1600.jpg,ABC News - Go.com,http://abcnews.go.com/US/fbi-releases-189-pages-hillary-clinton-email-probe/story?id\u003d42319084,a1a1a1a1b1a9a9b9,999,,999.0,999,Unknown / unreliable
hillary_clinton,461_hillary_clinton.jpg,http://static01.mediaite.com/med/wp-content/uploads/2016/09/hillary-clinton-2-300x197.jpg,Mediaite,http://www.mediaite.com/tv/hillary-clinton-trump-is-projecting-phony-strength/,010909098989cc8a,-1,www.mediaite.com,-0.1326,0,Unknown / unreliable
hillary_clinton,475_hillary_clinton.jpg,http://cdn-img.instyle.com/sites/default/files/styles/480xflex/public/celebrities/transformation/196-hillary-clinton-400_0.jpg?itok\u003dkXyFAgZr,InStyle,http://www.instyle.com/celebrity/transformations/hillary-rodham-clintons-changing-looks,2f2d9d8dca52b898,999,,999.0,999,Unknown / unreliable
hillary_clinton,484_hillary_clinton.jpg,http://newsinfo.inquirer.net/files/2016/10/hillary-clinton1.jpg,Inquirer New,http://newsinfo.inquirer.net/829936/clinton-warns-trump-is-threatening-us-democracy,070485a5ccec3c1c,999,,999.0,999,Unknown / unreliable
hillary_clinton,486_hillary_clinton.jpg,http://conservativeworlddaily.com/wp-content/uploads/2017/03/Hillary-Clinton-Stepping-Out-Of-Car-Reuters.jpg,Conservative World Daily,http://conservativeworlddaily.com/tag/hillary-clinton/,1e5d5f585851d3b2,999,,999.0,999,Unknown / unreliable
hillary_clinton,490_hillary_clinton.jpg,https://cdn2.img.sputniknews.com/images/104623/15/1046231583.jpg,Sputnik International,https://sputniknews.com/columnists/201610111046232018-hillary-clinton-axis-of-evil/,4c474b4e4e4e4a12,999,,999.0,999,Unknown / unreliable
hillary_clinton,494_hillary_clinton.jpg,https://pmcvariety.files.wordpress.com/2016/09/hillary-clinton.jpg?w\u003d670\u0026h\u003d377\u0026crop\u003d1,Variety,http://variety.com/2016/digital/news/hillary-clinton-donald-trump-twitter-delete-your-account-retweet-1201912895/,3139317121b3f3e1,999,,999.0,999,Unknown / unreliable
hillary_clinton,497_hillary_clinton.jpg,http://img.wennermedia.com/480-width/hillary-clinton-inline-2a5dee0d-08a6-4b0d-856a-304c9822e06f.jpg,Us Weekly,http://www.usmagazine.com/celebrity-news/news/hillary-clinton-calls-for-fbi-to-release-info-following-email-probe-w447410,694d4d4f87931b0b,999,,999.0,999,Unknown / unreliable
hillary_clinton,505_hillary_clinton.jpg,http://also.kottke.org/misc/images/hillary-clinton-ny.jpg?1,Kottke,http://kottke.org/tag/Hillary%20Clinton,31b13135b575f4fc,999,,999.0,999,Unknown / unreliable
hillary_clinton,510_hillary_clinton.jpg,http://www.womenshealthmag.com/sites/womenshealthmag.com/files/articles/2016/03/hillaryclinton.jpg,Women\u0027s Health,http://www.womenshealthmag.com/life/joe-scarborough-hillary-rodham-clinton-smile,72ce4d7b330b0631,999,,999.0,999,Unknown / unreliable
hillary_clinton,515_hillary_clinton.jpg,http://www.investors.com/wp-content/uploads/2016/10/EDIT2-investors-102516-AP.jpg,Investor\u0027s Business Daily,http://www.investors.com/politics/editorials/why-do-investors-seem-to-favor-hillary-clinton-ibdtipp-poll/,0f0f0f0f0f0f4d2d,999,,999.0,999,Unknown / unreliable
hillary_clinton,518_hillary_clinton.jpg,http://ei.marketwatch.com//Multimedia/2016/03/22/Photos/MG/MW-EI529_clinto_20160322231815_MG.jpg?uuid\u003de1fd3734-f0a5-11e5-8951-0015c588dfa6,MarketWatch,http://www.marketwatch.com/story/the-elections-over-hillary-clinton-won-2016-10-06,918c0f0b899e9e49,999,,999.0,999,Unknown / unreliable
hillary_clinton,528_hillary_clinton.jpg,http://www.womenshealthmag.com/sites/womenshealthmag.com/files/images/hillary-rodham-clinton-secretary-of-state_0.jpg,Women\u0027s Health,http://www.womenshealthmag.com/life/hillary-clinton-womens-issues,4d4dcd4e5d4f1e75,999,,999.0,999,Unknown / unreliable
hillary_clinton,536_hillary_clinton.jpg,http://hbz.h-cdn.co/assets/16/42/768x1152/hbz-hillary-clinton-1019-getty.jpg,Harper\u0027s Bazaar,http://www.harpersbazaar.com/fashion/trends/news/a18336/hillary-clinton-presidential-debate-pantsuits/,6d0d0e1f0d4d4d55,999,,999.0,999,Unknown / unreliable
hillary_clinton,551_hillary_clinton.jpg,https://heavyeditorial.files.wordpress.com/2016/09/clinton-clapping1.jpg?quality\u003d65\u0026strip\u003dall\u0026strip\u003dall,Heavy.com,http://heavy.com/news/2016/09/hillary-clinton-quotes-presidential-debate-best-funny-september-26-2016-first/,0c4d4d0c8e0e070d,999,,999.0,999,Unknown / unreliable
hillary_clinton,565_hillary_clinton.jpg,http://www.trbimg.com/img-57f85226/turbine/ct-hillary-clinton-wall-street-speeches-leaked-20161007,Chicago Tribune,http://www.chicagotribune.com/news/nationworld/politics/ct-hillary-clinton-wall-street-speeches-leaked-20161007-story.html,52762dedebec68e2,0,www.chicagotribune.com,-0.3117,-1,Unknown / unreliable
hillary_clinton,574_hillary_clinton.jpg,http://nationalinterest.org/files/main_images/hrc_1.jpg,The National Intere,http://nationalinterest.org/feature/hillary-clinton-goes-full-liberal-18114,0d4d5a1bb858727b,999,,999.0,999,Unknown / unreliable
hillary_clinton,608_hillary_clinton.jpg,http://hbz.h-cdn.co/assets/16/42/480x720/gallery-1477073393-hbz-hillary-clinton-1020-2.jpg,Harper\u0027s Bazaar,http://www.harpersbazaar.com/celebrity/red-carpet-dresses/news/g6036/hillary-clinton-campaign-fashion/,f7766c6d7d6d2dce,999,,999.0,999,Unknown / unreliable
hillary_clinton,622_hillary_clinton.jpg,http://cdn.business2community.com/wp-content/uploads/2016/10/clinton2-600x400.jpg,Business 2 Community,http://www.business2community.com/us-news/hillary-clinton-files-divorce-bill-clinton-presidential-election-hoax-01704036,1a9b8f8b83119797,999,,999.0,999,Unknown / unreliable
hillary_clinton,625_hillary_clinton.jpg,https://i0.wp.com/heatst.com/wp-content/uploads/2016/10/gettyimages-615701688.jpg?crop\u003d0px%2C262px%2C2761px%2C1046px\u0026resize\u003d871%2C330\u0026quality\u003d80\u0026strip\u003dall\u0026ssl\u003d1,Heat Stree,https://heatst.com/politics/hillary-clinton-cabinet/,963d3dbf375b5b5f,999,,999.0,999,Unknown / unreliable
hillary_clinton,638_hillary_clinton.jpg,https://www.outsideonline.com/sites/default/files/styles/three-quarter-page-scaled-1x/public/clintons-environmental-scorecard_h.jpg?itok\u003dimuB4EQQ,Outside Magazine,https://www.outsideonline.com/2125806/hillary-clinton-environmental-scorecard,71311b1b593567ed,999,,999.0,999,Unknown / unreliable
hillary_clinton,642_hillary_clinton.jpg,https://i2.wp.com/presidentialpetmuseum.com/wp-content/uploads/2016/03/hillary-clinton-2016.png,Presidential Pet Museum,http://www.presidentialpetmuseum.com/blog/hillary-clinton-pets/,231929af95596a12,999,,999.0,999,Unknown / unreliable
hillary_clinton,664_hillary_clinton.jpg,https://g.foolcdn.com/editorial/images/231515/23857574505_fc35db2fe0_h_large.jpg,The Motley Fool,https://www.fool.com/retirement/2016/10/15/10-ways-hillary-clinton-plans-to-grow-the-economy.aspx,31e3ce4d4e4e482c,999,,999.0,999,Unknown / unreliable
hillary_clinton,682_hillary_clinton.jpg,https://si.wsj.net/public/resources/images/BN-QG368_PW1014_GR_20161013174602.jpg,Snopes.com,http://hotspotoutdoors.com/forums/topic/179392-crooked-hillary/?page\u003d14,1c1c0e4e4c4fc6c3,999,,999.0,999,Unknown / unreliable
hillary_clinton,693_hillary_clinton.jpg,https://s.yimg.com/ny/api/res/1.2/Q922zi7at6jbSPMnAydv1Q--/YXBwaWQ9aGlnaGxhbmRlcjtzbT0xO3c9ODAwO2lsPXBsYW5l/https://67.media.tumblr.com/67d080910ccc0eab854cb3fb1652b720/tumblr_inline_odjrmt9GMF1qbdkv3_1280.jpg,Yahoo,https://www.yahoo.com/beauty/key-details-of-hillary-clintons-health-record-223234273.html,1253533383010107,999,,999.0,999,Unknown / unreliable
hillary_clinton,702_hillary_clinton.jpg,https://img.wonkette.com/wp-content/uploads/2016/10/Hillary-Clinton-Little-Girl-Photo.jpg,Wonkette,https://wonkette.com/607361/little-girl-hillary-clinton-punched-a-kid-in-the-nose-for-endangering-baby-bunnies-impeach,7886869e9e267b99,999,,999.0,999,Unknown / unreliable
hillary_clinton,711_hillary_clinton.jpg,http://hbz.h-cdn.co/assets/16/39/980x490/landscape-1474981483-hbz-hillary-suit.jpg,Harper\u0027s Bazaar,http://www.harpersbazaar.com/culture/features/news/a18323/hillary-clinton-reebok-pantsuit/,aca48ca4a40c4c6c,999,,999.0,999,Unknown / unreliable
