requested_at,search_query,visible_link,rank,image_path,image_hash
2016-09-03 17:21:45,donald trump,https://plus.google.com/104922825144470163120,1,./images/4353/4353_21_donald_trump_1.jpg,eec7c3ebd3726569
2016-09-03 17:21:45,donald trump,https://en.wikipedia.org/wiki/Donald_Trump,2,./images/4353/4353_22_donald_trump_2.jpg,0c8686168ca4ae2d
2016-09-03 17:21:45,donald trump,http://www.businessinsider.com/donald-trump-polls-leads-florida-michigan-ohio-2016-3,3,./images/4353/4353_23_donald_trump_3.jpg,cdcf4e4e4d4dcd9d
2016-09-03 17:21:45,donald trump,http://www.snopes.com/2016/06/23/donald-trump-rape-lawsuit/,4,./images/4353/4353_24_donald_trump_4.jpg,4d4d0f4e465b4b8c
2016-09-03 17:21:45,donald trump,https://www.theodysseyonline.com/examples-of-donald-trumps-douchebaggery,5,./images/4353/4353_25_donald_trump_5.jpg,9b1919199999993a
2016-09-03 17:21:45,donald trump,http://www.slate.com/blogs/the_slatest/2016/02/27/donald_trump_vows_to_curb_press_freedom_through_libel_laws.html,6,./images/4353/4353_26_donald_trump_6.jpg,961b1b191999363e
2016-09-03 18:28:19,donald trump,https://plus.google.com/104922825144470163120,1,./images/4364/4364_5_donald_trump_1.jpg,eec7c3ebd3726569
2016-09-03 18:28:19,donald trump,https://en.wikipedia.org/wiki/Donald_Trump,2,./images/4364/4364_6_donald_trump_2.jpg,0c8686168ca4ae2d
2016-09-03 18:28:19,donald trump,http://www.businessinsider.com/donald-trump-polls-leads-florida-michigan-ohio-2016-3,3,./images/4364/4364_7_donald_trump_3.jpg,cdcf4e4e4d4dcd9d
2016-09-03 18:28:19,donald trump,http://www.snopes.com/2016/06/23/donald-trump-rape-lawsuit/,4,./images/4364/4364_8_donald_trump_4.jpg,4d4d0f4e465b4b8c
2016-09-03 18:28:19,donald trump,https://www.theodysseyonline.com/examples-of-donald-trumps-douchebaggery,5,./images/4364/4364_9_donald_trump_5.jpg,9b1919199999993a
2016-09-03 18:28:19,donald trump,http://www.slate.com/blogs/the_slatest/2016/02/27/donald_trump_vows_to_curb_press_freedom_through_libel_laws.html,6,./images/4364/4364_10_donald_trump_6.jpg,961b1b191999363e
2016-09-04 18:28:19,donald trump,https://plus.google.com/104922825144470163120,1,./images/4436/4436_5_donald_trump_1.jpg,eec7c3ebd3726569
2016-09-04 18:28:19,donald trump,https://en.wikipedia.org/wiki/Donald_Trump,2,./images/4436/4436_6_donald_trump_2.jpg,0c8686168ca4ae2d
2016-09-04 18:28:19,donald trump,http://www.businessinsider.com/donald-trump-polls-leads-florida-michigan-ohio-2016-3,3,./images/4436/4436_7_donald_trump_3.jpg,cdcf4e4e4d4dcd9d
2016-09-04 18:28:19,donald trump,http://www.snopes.com/2016/06/23/donald-trump-rape-lawsuit/,4,./images/4436/4436_8_donald_trump_4.jpg,4d4d0f4e465b4b8c
2016-09-04 18:28:19,donald trump,https://www.theodysseyonline.com/examples-of-donald-trumps-douchebaggery,5,./images/4436/4436_9_donald_trump_5.jpg,9b1919199999993a
2016-09-04 18:28:19,donald trump,http://www.cnn.com/2016/04/18/politics/new-york-city-donald-trump/,6,./images/4436/4436_10_donald_trump_6.jpg,8e8686064e4f4745
2016-09-05 18:28:19,donald trump,https://plus.google.com/104922825144470163120,1,./images/4508/4508_5_donald_trump_1.jpg,eec7c3ebd3726569
2016-09-05 18:28:19,donald trump,https://en.wikipedia.org/wiki/Donald_Trump,2,./images/4508/4508_6_donald_trump_2.jpg,0c8686168ca4ae2d
2016-09-05 18:28:19,donald trump,http://www.businessinsider.com/donald-trump-polls-leads-florida-michigan-ohio-2016-3,3,./images/4508/4508_7_donald_trump_3.jpg,cdcf4e4e4d4dcd9d
2016-09-05 18:28:19,donald trump,http://www.cnn.com/2016/04/18/politics/new-york-city-donald-trump/,4,./images/4508/4508_8_donald_trump_4.jpg,8e8686064e4f4745
2016-09-05 18:28:19,donald trump,https://www.theodysseyonline.com/examples-of-donald-trumps-douchebaggery,5,./images/4508/4508_9_donald_trump_5.jpg,9b1919199999993a
2016-09-05 18:28:19,donald trump,http://www.snopes.com/2016/06/23/donald-trump-rape-lawsuit/,6,./images/4508/4508_10_donald_trump_6.jpg,4d4d0f4e465b4b8c
2016-09-06 18:28:19,donald trump,https://plus.google.com/104922825144470163120,1,./images/4580/4580_5_donald_trump_1.jpg,eec7c3ebd3726569
2016-09-06 18:28:19,donald trump,https://en.wikipedia.org/wiki/Donald_Trump,2,./images/4580/4580_6_donald_trump_2.jpg,0c8686168ca4ae2d
2016-09-06 18:28:19,donald trump,http://www.businessinsider.com/donald-trump-polls-leads-florida-michigan-ohio-2016-3,3,./images/4580/4580_7_donald_trump_3.jpg,cdcf4e4e4d4dcd9d
2016-09-06 18:28:19,donald trump,http://www.snopes.com/2016/06/23/donald-trump-rape-lawsuit/,4,./images/4580/4580_8_donald_trump_4.jpg,4d4d0f4e465b4b8c
2016-09-06 18:28:19,donald trump,https://www.theodysseyonline.com/examples-of-donald-trumps-douchebaggery,5,./images/4580/4580_9_donald_trump_5.jpg,9b1919199999993a
2016-09-06 18:28:19,donald trump,http://wonkette.com/605010/donald-trump-so-mad-colorado-fire-marshal-refused-to-let-him-die-in-a-fire,6,./images/4580/4580_10_donald_trump_6.jpg,961a1a1b8bcb9e9b
2016-09-07 18:28:19,donald trump,https://plus.google.com/104922825144470163120,1,./images/4652/4652_5_donald_trump_1.jpg,eec7c3ebd3726569
2016-09-07 18:28:19,donald trump,https://en.wikipedia.org/wiki/Donald_Trump,2,./images/4652/4652_6_donald_trump_2.jpg,0c8686168ca4ae2d
2016-09-07 18:28:19,donald trump,http://www.cnn.com/2016/04/18/politics/new-york-city-donald-trump/,3,./images/4652/4652_7_donald_trump_3.jpg,8e8686064e4f4745
2016-09-07 18:28:19,donald trump,http://www.businessinsider.com/donald-trump-polls-leads-florida-michigan-ohio-2016-3,4,./images/4652/4652_8_donald_trump_4.jpg,cdcf4e4e4d4dcd9d
2016-09-07 18:28:19,donald trump,http://wonkette.com/606292/donald-trump-thinks-hillary-clinton-just-doesnt-have-that-presidential-look,5,./images/4652/4652_9_donald_trump_5.jpg,961a1a1b8bcb9e9b
2016-09-07 18:28:19,donald trump,http://www.snopes.com/2016/06/23/donald-trump-rape-lawsuit/,6,./images/4652/4652_10_donald_trump_6.jpg,4d4d0f4e465b4b8c
2016-09-08 18:28:19,donald trump,https://plus.google.com/104922825144470163120,1,./images/4724/4724_4_donald_trump_1.jpg,eec7c3ebd3726569
2016-09-08 18:28:19,donald trump,https://en.wikipedia.org/wiki/Donald_Trump,2,./images/4724/4724_5_donald_trump_2.jpg,0c8686168ca4ae2d
2016-09-08 18:28:19,donald trump,http://www.businessinsider.com/donald-trump-polls-leads-florida-michigan-ohio-2016-3,3,./images/4724/4724_6_donald_trump_3.jpg,cdcf4e4e4d4dcd9d
2016-09-08 18:28:19,donald trump,http://wonkette.com/tag/donald-trump,4,./images/4724/4724_7_donald_trump_4.jpg,961a1a1b8bcb9e9b
2016-09-08 18:28:19,donald trump,http://www.snopes.com/2016/06/23/donald-trump-rape-lawsuit/,5,./images/4724/4724_8_donald_trump_5.jpg,4d4d0f4e465b4b8c
2016-09-08 18:28:19,donald trump,http://www.cnn.com/2016/04/18/politics/new-york-city-donald-trump/,6,./images/4724/4724_9_donald_trump_6.jpg,8e8686064e4f4745
2016-09-09 18:28:19,donald trump,https://plus.google.com/104922825144470163120,1,./images/4796/4796_4_donald_trump_1.jpg,eec7c3ebd3726569
2016-09-09 18:28:19,donald trump,https://en.wikipedia.org/wiki/Donald_Trump,2,./images/4796/4796_5_donald_trump_2.jpg,0c8686168ca4ae2d
2016-09-09 18:28:19,donald trump,http://wonkette.com/tag/donald-trump,3,./images/4796/4796_6_donald_trump_3.jpg,961a1a1b8bcb9e9b
2016-09-09 18:28:19,donald trump,http://www.businessinsider.com/donald-trump-polls-leads-florida-michigan-ohio-2016-3,4,./images/4796/4796_7_donald_trump_4.jpg,cdcf4e4e4d4dcd9d
2016-09-09 18:28:19,donald trump,http://www.snopes.com/2016/06/23/donald-trump-rape-lawsuit/,5,./images/4796/4796_8_donald_trump_5.jpg,4d4d0f4e465b4b8c
2016-09-09 18:28:19,donald trump,https://www.theodysseyonline.com/examples-of-donald-trumps-douchebaggery,6,./images/4796/4796_9_donald_trump_6.jpg,9b1919199999993a
2016-09-10 18:28:19,donald trump,https://plus.google.com/104922825144470163120,1,./images/4868/4868_4_donald_trump_1.jpg,eec7c3ebd3726569
2016-09-10 18:28:19,donald trump,https://en.wikipedia.org/wiki/Donald_Trump,2,./images/4868/4868_5_donald_trump_2.jpg,0c8686168ca4ae2d
2016-09-10 18:28:19,donald trump,http://www.businessinsider.com/donald-trump-polls-leads-florida-michigan-ohio-2016-3,3,./images/4868/4868_6_donald_trump_3.jpg,cdcf4e4e4d4dcd9d
2016-09-10 18:28:19,donald trump,http://www.snopes.com/2016/06/23/donald-trump-rape-lawsuit/,4,./images/4868/4868_7_donald_trump_4.jpg,4d4d0f4e465b4b8c
2016-09-10 18:28:19,donald trump,https://www.theodysseyonline.com/examples-of-donald-trumps-douchebaggery,5,./images/4868/4868_8_donald_trump_5.jpg,9b1919199999993a
2016-09-10 18:28:19,donald trump,http://wonkette.com/605010/donald-trump-so-mad-colorado-fire-marshal-refused-to-let-him-die-in-a-fire,6,./images/4868/4868_9_donald_trump_6.jpg,961a1a1b8bcb9e9b
2016-09-11 18:28:19,donald trump,https://plus.google.com/104922825144470163120,1,./images/4940/4940_4_donald_trump_1.jpg,eec7c3ebd3726569
2016-09-11 18:28:19,donald trump,https://en.wikipedia.org/wiki/Donald_Trump,2,./images/4940/4940_5_donald_trump_2.jpg,0c8686168ca4ae2d
2016-09-11 18:28:19,donald trump,http://www.businessinsider.com/donald-trump-polls-leads-florida-michigan-ohio-2016-3,3,./images/4940/4940_6_donald_trump_3.jpg,cdcf4e4e4d4dcd9d
2016-09-11 18:28:19,donald trump,http://www.snopes.com/2016/06/23/donald-trump-rape-lawsuit/,4,./images/4940/4940_7_donald_trump_4.jpg,4d4d0f4e465b4b8c
2016-09-11 18:28:19,donald trump,https://www.theodysseyonline.com/examples-of-donald-trumps-douchebaggery,5,./images/4940/4940_8_donald_trump_5.jpg,9b1919199999993a
2016-09-11 18:28:19,donald trump,http://wonkette.com/605010/donald-trump-so-mad-colorado-fire-marshal-refused-to-let-him-die-in-a-fire,6,./images/4940/4940_9_donald_trump_6.jpg,961a1a1b8bcb9e9b
2016-09-12 18:28:19,donald trump,https://plus.google.com/104922825144470163120,1,./images/5012/5012_4_donald_trump_1.jpg,eec7c3ebd3726569
2016-09-12 18:28:19,donald trump,https://en.wikipedia.org/wiki/Donald_Trump,2,./images/5012/5012_5_donald_trump_2.jpg,0c8686168ca4ae2d
2016-09-12 18:28:19,donald trump,http://www.businessinsider.com/donald-trump-polls-leads-florida-michigan-ohio-2016-3,3,./images/5012/5012_6_donald_trump_3.jpg,cdcf4e4e4d4dcd9d
2016-09-12 18:28:19,donald trump,http://www.snopes.com/2016/06/23/donald-trump-rape-lawsuit/,4,./images/5012/5012_7_donald_trump_4.jpg,4d4d0f4e465b4b8c
2016-09-12 18:28:19,donald trump,https://www.theodysseyonline.com/examples-of-donald-trumps-douchebaggery,5,./images/5012/5012_8_donald_trump_5.jpg,9b1919199999993a
2016-09-12 18:28:19,donald trump,http://wonkette.com/605010/donald-trump-so-mad-colorado-fire-marshal-refused-to-let-him-die-in-a-fire,6,./images/5012/5012_9_donald_trump_6.jpg,961a1a1b8bcb9e9b
2016-09-13 18:28:19,donald trump,https://plus.google.com/104922825144470163120,1,./images/5084/5084_4_donald_trump_1.jpg,eec7c3ebd3726569
2016-09-13 18:28:19,donald trump,https://en.wikipedia.org/wiki/Donald_Trump,2,./images/5084/5084_5_donald_trump_2.jpg,1d8e9e948cacad4d
2016-09-13 18:28:19,donald trump,http://www.snopes.com/2016/06/23/donald-trump-rape-lawsuit/,3,./images/5084/5084_6_donald_trump_3.jpg,4d4d0f4e465b4b8c
2016-09-13 18:28:19,donald trump,http://www.businessinsider.com/donald-trump-polls-leads-florida-michigan-ohio-2016-3,4,./images/5084/5084_7_donald_trump_4.jpg,cdcf4e4e4d4dcd9d
2016-09-13 18:28:19,donald trump,https://www.theodysseyonline.com/examples-of-donald-trumps-douchebaggery,5,./images/5084/5084_8_donald_trump_5.jpg,9b1919199999993a
2016-09-13 18:28:19,donald trump,http://wonkette.com/605010/donald-trump-so-mad-colorado-fire-marshal-refused-to-let-him-die-in-a-fire,6,./images/5084/5084_9_donald_trump_6.jpg,961a1a1b8bcb9e9b
2016-09-14 18:28:19,donald trump,https://plus.google.com/104922825144470163120,1,./images/5156/5156_4_donald_trump_1.jpg,eec7c3ebd3726569
2016-09-14 18:28:19,donald trump,https://en.wikipedia.org/wiki/Donald_Trump,2,./images/5156/5156_5_donald_trump_2.jpg,1d8e9e948cacad4d
2016-09-14 18:28:19,donald trump,http://www.snopes.com/2016/06/23/donald-trump-rape-lawsuit/,3,./images/5156/5156_6_donald_trump_3.jpg,4d4d0f4e465b4b8c
2016-09-14 18:28:19,donald trump,http://www.businessinsider.com/donald-trump-polls-leads-florida-michigan-ohio-2016-3,4,./images/5156/5156_7_donald_trump_4.jpg,cdcf4e4e4d4dcd9d
2016-09-14 18:28:19,donald trump,https://www.theodysseyonline.com/examples-of-donald-trumps-douchebaggery,5,./images/5156/5156_8_donald_trump_5.jpg,9b1919199999993a
2016-09-14 18:28:19,donald trump,http://wonkette.com/605010/donald-trump-so-mad-colorado-fire-marshal-refused-to-let-him-die-in-a-fire,6,./images/5156/5156_9_donald_trump_6.jpg,961a1a1b8bcb9e9b
2016-09-15 18:28:19,donald trump,https://plus.google.com/104922825144470163120,1,./images/5228/5228_4_donald_trump_1.jpg,eec7c3ebd3726569
2016-09-15 18:28:19,donald trump,https://en.wikipedia.org/wiki/Donald_Trump,2,./images/5228/5228_5_donald_trump_2.jpg,1d8e9e948cacad4d
2016-09-15 18:28:19,donald trump,http://www.snopes.com/2016/06/23/donald-trump-rape-lawsuit/,3,./images/5228/5228_6_donald_trump_3.jpg,4d4d0f4e465b4b8c
2016-09-15 18:28:19,donald trump,http://www.businessinsider.com/donald-trump-polls-leads-florida-michigan-ohio-2016-3,4,./images/5228/5228_7_donald_trump_4.jpg,cdcf4e4e4d4dcd9d
2016-09-15 18:28:19,donald trump,https://www.theodysseyonline.com/examples-of-donald-trumps-douchebaggery,5,./images/5228/5228_8_donald_trump_5.jpg,9b1919199999993a
2016-09-15 18:28:19,donald trump,http://www.slate.com/blogs/the_slatest/2016/02/27/donald_trump_vows_to_curb_press_freedom_through_libel_laws.html,6,./images/5228/5228_9_donald_trump_6.jpg,961b1b191999363e
2016-09-16 18:28:19,donald trump,https://plus.google.com/104922825144470163120,1,./images/5300/5300_4_donald_trump_1.jpg,eec7c3ebd3726569
2016-09-16 18:28:19,donald trump,https://en.wikipedia.org/wiki/Donald_Trump,2,./images/5300/5300_5_donald_trump_2.jpg,1d8e9e948cacad4d
2016-09-16 18:28:19,donald trump,https://www.theodysseyonline.com/examples-of-donald-trumps-douchebaggery,3,./images/5300/5300_6_donald_trump_3.jpg,9b1919199999993a
2016-09-16 18:28:19,donald trump,http://www.snopes.com/2016/06/23/donald-trump-rape-lawsuit/,4,./images/5300/5300_7_donald_trump_4.jpg,4d4d0f4e465b4b8c
2016-09-16 18:28:19,donald trump,http://www.slate.com/blogs/the_slatest/2016/02/27/donald_trump_vows_to_curb_press_freedom_through_libel_laws.html,5,./images/5300/5300_8_donald_trump_5.jpg,961b1b191999363e
2016-09-16 18:28:19,donald trump,http://www.businessinsider.com/donald-trump-polls-leads-florida-michigan-ohio-2016-3,6,./images/5300/5300_9_donald_trump_6.jpg,cdcf4e4e4d4dcd9d
2016-09-17 18:28:19,donald trump,https://plus.google.com/104922825144470163120,1,./images/5372/5372_4_donald_trump_1.jpg,eec7c3ebd3726569
2016-09-17 18:28:19,donald trump,https://www.theodysseyonline.com/examples-of-donald-trumps-douchebaggery,2,./images/5372/5372_5_donald_trump_2.jpg,9b1919199999993a
2016-09-17 18:28:19,donald trump,http://www.slate.com/blogs/moneybox/2015/08/16/donald_trump_on_immigration_build_border_fence_make_mexico_pay_for_it.html,3,./images/5372/5372_6_donald_trump_3.jpg,cb49890dce9e9495
2016-09-17 18:28:19,donald trump,http://www.slate.com/blogs/the_slatest/2016/02/27/donald_trump_vows_to_curb_press_freedom_through_libel_laws.html,4,./images/5372/5372_7_donald_trump_4.jpg,961b1b191999363e
2016-09-17 18:28:19,donald trump,http://www.businessinsider.com/donald-trump-polls-leads-florida-michigan-ohio-2016-3,5,./images/5372/5372_8_donald_trump_5.jpg,cdcf4e4e4d4dcd9d
2016-09-18 18:28:19,donald trump,https://plus.google.com/104922825144470163120,1,./images/5444/5444_4_donald_trump_1.jpg,eec7c3ebd3726569
2016-09-18 18:28:19,donald trump,https://www.theodysseyonline.com/examples-of-donald-trumps-douchebaggery,2,./images/5444/5444_5_donald_trump_2.jpg,9b1919199999993a
2016-09-18 18:28:19,donald trump,http://www.slate.com/blogs/moneybox/2015/08/16/donald_trump_on_immigration_build_border_fence_make_mexico_pay_for_it.html,3,./images/5444/5444_6_donald_trump_3.jpg,cb49890dce9e9495
2016-09-18 18:28:19,donald trump,http://www.slate.com/blogs/the_slatest/2016/02/27/donald_trump_vows_to_curb_press_freedom_through_libel_laws.html,4,./images/5444/5444_7_donald_trump_4.jpg,961b1b191999363e
2016-09-18 18:28:19,donald trump,http://www.businessinsider.com/donald-trump-polls-leads-florida-michigan-ohio-2016-3,5,./images/5444/5444_8_donald_trump_5.jpg,cdcf4e4e4d4dcd9d
2016-09-19 18:28:19,donald trump,https://plus.google.com/104922825144470163120,1,./images/5516/5516_4_donald_trump_1.jpg,eec7c3ebd3726569
2016-09-19 18:28:19,donald trump,http://www.slate.com/blogs/moneybox/2015/08/16/donald_trump_on_immigration_build_border_fence_make_mexico_pay_for_it.html,2,./images/5516/5516_5_donald_trump_2.jpg,cb49890dce9e9495
2016-09-19 18:28:19,donald trump,http://www.slate.com/blogs/the_slatest/2016/02/27/donald_trump_vows_to_curb_press_freedom_through_libel_laws.html,3,./images/5516/5516_6_donald_trump_3.jpg,961b1b191999363e
2016-09-19 18:28:19,donald trump,https://www.theodysseyonline.com/examples-of-donald-trumps-douchebaggery,4,./images/5516/5516_7_donald_trump_4.jpg,9b1919199999993a
2016-09-19 18:28:19,donald trump,http://www.businessinsider.com/donald-trump-polls-leads-florida-michigan-ohio-2016-3,5,./images/5516/5516_8_donald_trump_5.jpg,cdcf4e4e4d4dcd9d
2016-09-20 18:28:20,donald trump,https://plus.google.com/104922825144470163120,1,./images/5588/5588_4_donald_trump_1.jpg,eec7c3ebd3726569
2016-09-20 18:28:20,donald trump,https://www.theodysseyonline.com/examples-of-donald-trumps-douchebaggery,2,./images/5588/5588_5_donald_trump_2.jpg,9b1919199999993a
2016-09-20 18:28:20,donald trump,http://www.slate.com/blogs/moneybox/2015/08/16/donald_trump_on_immigration_build_border_fence_make_mexico_pay_for_it.html,3,./images/5588/5588_6_donald_trump_3.jpg,cb49890dce9e9495
2016-09-20 18:28:20,donald trump,http://www.slate.com/blogs/the_slatest/2016/02/27/donald_trump_vows_to_curb_press_freedom_through_libel_laws.html,4,./images/5588/5588_7_donald_trump_4.jpg,961b1b191999363e
2016-09-20 18:28:20,donald trump,http://www.nationalreview.com/article/431420/donald-trumps-2016-debate-lies-he-went-bankrupt,5,./images/5588/5588_8_donald_trump_5.jpg,1e3e3e3f3b169b93
2016-09-21 18:28:19,donald trump,https://plus.google.com/104922825144470163120,1,./images/5660/5660_4_donald_trump_1.jpg,eec7c3ebd3726569
2016-09-21 18:28:19,donald trump,https://www.theodysseyonline.com/examples-of-donald-trumps-douchebaggery,2,./images/5660/5660_5_donald_trump_2.jpg,9b1919199999993a
2016-09-21 18:28:19,donald trump,http://www.slate.com/blogs/moneybox/2015/08/16/donald_trump_on_immigration_build_border_fence_make_mexico_pay_for_it.html,3,./images/5660/5660_6_donald_trump_3.jpg,cb49890dce9e9495
2016-09-21 18:28:19,donald trump,http://www.nationalreview.com/article/431420/donald-trumps-2016-debate-lies-he-went-bankrupt,4,./images/5660/5660_7_donald_trump_4.jpg,1e3e3e3f3b169b93
2016-09-21 18:28:19,donald trump,http://www.slate.com/blogs/the_slatest/2016/02/27/donald_trump_vows_to_curb_press_freedom_through_libel_laws.html,5,./images/5660/5660_8_donald_trump_5.jpg,961b1b191999363e
2016-09-22 18:28:19,donald trump,https://plus.google.com/104922825144470163120,1,./images/5732/5732_4_donald_trump_1.jpg,eec7c3ebd3726569
2016-09-22 18:28:19,donald trump,https://en.wikipedia.org/wiki/Donald_Trump,2,./images/5732/5732_5_donald_trump_2.jpg,1d8e9e948cacad4d
2016-09-22 18:28:19,donald trump,https://www.theodysseyonline.com/examples-of-donald-trumps-douchebaggery,3,./images/5732/5732_6_donald_trump_3.jpg,9b1919199999993a
2016-09-22 18:28:19,donald trump,http://wonkette.com/tag/donald-trump,4,./images/5732/5732_7_donald_trump_4.jpg,961a1a1b8bcb9e9b
2016-09-22 18:28:19,donald trump,http://www.slate.com/blogs/moneybox/2015/08/16/donald_trump_on_immigration_build_border_fence_make_mexico_pay_for_it.html,5,./images/5732/5732_8_donald_trump_5.jpg,cb49890dce9e9495
2016-09-22 18:28:19,donald trump,http://www.slate.com/blogs/the_slatest/2016/02/27/donald_trump_vows_to_curb_press_freedom_through_libel_laws.html,6,./images/5732/5732_9_donald_trump_6.jpg,961b1b191999363e
2016-09-23 18:28:19,donald trump,https://plus.google.com/104922825144470163120,1,./images/5804/5804_4_donald_trump_1.jpg,eec7c3ebd3726569
2016-09-23 18:28:19,donald trump,https://en.wikipedia.org/wiki/Donald_Trump,2,./images/5804/5804_5_donald_trump_2.jpg,1d8e9e948cacad4d
2016-09-23 18:28:19,donald trump,https://www.theodysseyonline.com/examples-of-donald-trumps-douchebaggery,3,./images/5804/5804_6_donald_trump_3.jpg,9b1919199999993a
2016-09-23 18:28:19,donald trump,http://wonkette.com/tag/donald-trump,4,./images/5804/5804_7_donald_trump_4.jpg,961a1a1b8bcb9e9b
2016-09-23 18:28:19,donald trump,http://www.slate.com/blogs/moneybox/2015/08/16/donald_trump_on_immigration_build_border_fence_make_mexico_pay_for_it.html,5,./images/5804/5804_8_donald_trump_5.jpg,cb49890dce9e9495
2016-09-23 18:28:19,donald trump,http://www.slate.com/blogs/the_slatest/2016/02/27/donald_trump_vows_to_curb_press_freedom_through_libel_laws.html,6,./images/5804/5804_9_donald_trump_6.jpg,961b1b191999363e
2016-09-24 18:28:19,donald trump,https://plus.google.com/104922825144470163120,1,./images/5876/5876_4_donald_trump_1.jpg,eec7c3ebd3726569
2016-09-24 18:28:19,donald trump,https://en.wikipedia.org/wiki/Donald_Trump,2,./images/5876/5876_5_donald_trump_2.jpg,1c8e9e948cacad4d
2016-09-24 18:28:19,donald trump,http://www.slate.com/blogs/moneybox/2015/08/16/donald_trump_on_immigration_build_border_fence_make_mexico_pay_for_it.html,3,./images/5876/5876_6_donald_trump_3.jpg,cb49890dce9e9495
2016-09-24 18:28:19,donald trump,https://www.theodysseyonline.com/examples-of-donald-trumps-douchebaggery,4,./images/5876/5876_7_donald_trump_4.jpg,9b1919199999993a
2016-09-24 18:28:19,donald trump,http://www.slate.com/blogs/the_slatest/2016/02/27/donald_trump_vows_to_curb_press_freedom_through_libel_laws.html,5,./images/5876/5876_8_donald_trump_5.jpg,961b1b191999363e
2016-09-24 18:28:19,donald trump,http://www.businessinsider.com/donald-trump-polls-leads-florida-michigan-ohio-2016-3,6,./images/5876/5876_9_donald_trump_6.jpg,cdcf4e4e4d4dcd9d
2016-09-25 18:28:19,donald trump,https://plus.google.com/104922825144470163120,1,./images/5948/5948_5_donald_trump_1.jpg,eec7c3ebd3726569
2016-09-25 18:28:19,donald trump,https://en.wikipedia.org/wiki/Donald_Trump,2,./images/5948/5948_6_donald_trump_2.jpg,1c8e9e948cacad4d
2016-09-25 18:28:19,donald trump,https://www.theodysseyonline.com/examples-of-donald-trumps-douchebaggery,3,./images/5948/5948_7_donald_trump_3.jpg,9b1919199999993a
2016-09-25 18:28:19,donald trump,http://www.slate.com/blogs/moneybox/2015/08/16/donald_trump_on_immigration_build_border_fence_make_mexico_pay_for_it.html,4,./images/5948/5948_8_donald_trump_4.jpg,cb49890dce9e9495
2016-09-25 18:28:19,donald trump,http://www.slate.com/blogs/the_slatest/2016/02/27/donald_trump_vows_to_curb_press_freedom_through_libel_laws.html,5,./images/5948/5948_9_donald_trump_5.jpg,961b1b191999363e
2016-09-25 18:28:19,donald trump,http://wonkette.com/605010/donald-trump-so-mad-colorado-fire-marshal-refused-to-let-him-die-in-a-fire,6,./images/5948/5948_10_donald_trump_6.jpg,961a1a1b8bcb9e9b
2016-09-26 18:28:19,donald trump,https://plus.google.com/104922825144470163120,1,./images/6020/6020_4_donald_trump_1.jpg,eec7c3ebd3726569
2016-09-26 18:28:19,donald trump,https://en.wikipedia.org/wiki/Donald_Trump,2,./images/6020/6020_5_donald_trump_2.jpg,1c8e9e948cacad4d
2016-09-26 18:28:19,donald trump,https://www.theodysseyonline.com/examples-of-donald-trumps-douchebaggery,3,./images/6020/6020_6_donald_trump_3.jpg,9b1919199999993a
2016-09-26 18:28:19,donald trump,http://www.slate.com/blogs/moneybox/2015/08/16/donald_trump_on_immigration_build_border_fence_make_mexico_pay_for_it.html,4,./images/6020/6020_7_donald_trump_4.jpg,cb49890dce9e9495
2016-09-26 18:28:19,donald trump,http://www.slate.com/blogs/the_slatest/2016/02/27/donald_trump_vows_to_curb_press_freedom_through_libel_laws.html,5,./images/6020/6020_8_donald_trump_5.jpg,961b1b191999363e
2016-09-26 18:28:19,donald trump,http://wonkette.com/605010/donald-trump-so-mad-colorado-fire-marshal-refused-to-let-him-die-in-a-fire,6,./images/6020/6020_9_donald_trump_6.jpg,961a1a1b8bcb9e9b
2016-09-27 18:28:19,donald trump,https://plus.google.com/104922825144470163120,1,./images/6092/6092_4_donald_trump_1.jpg,eec7c3ebd3726569
2016-09-27 18:28:19,donald trump,https://en.wikipedia.org/wiki/Donald_Trump,2,./images/6092/6092_5_donald_trump_2.jpg,1c8e9e948cacad4d
2016-09-27 18:28:19,donald trump,https://www.theodysseyonline.com/examples-of-donald-trumps-douchebaggery,3,./images/6092/6092_6_donald_trump_3.jpg,9b1919199999993a
2016-09-27 18:28:19,donald trump,http://www.slate.com/blogs/moneybox/2015/08/16/donald_trump_on_immigration_build_border_fence_make_mexico_pay_for_it.html,4,./images/6092/6092_7_donald_trump_4.jpg,cb49890dce9e9495
2016-09-27 18:28:19,donald trump,http://www.slate.com/blogs/the_slatest/2016/02/27/donald_trump_vows_to_curb_press_freedom_through_libel_laws.html,5,./images/6092/6092_8_donald_trump_5.jpg,961b1b191999363e
2016-09-27 18:28:19,donald trump,http://www.businessinsider.com/donald-trump-celebrity-endorsements-2-2016-7,6,./images/6092/6092_9_donald_trump_6.jpg,8d0e06060e0c2d8d
2016-09-28 18:28:19,donald trump,https://plus.google.com/104922825144470163120,1,./images/6164/6164_4_donald_trump_1.jpg,eec7c3ebd3726569
2016-09-28 18:28:19,donald trump,https://en.wikipedia.org/wiki/Donald_Trump,2,./images/6164/6164_5_donald_trump_2.jpg,1c8e9e948cacad4d
2016-09-28 18:28:19,donald trump,https://www.theodysseyonline.com/examples-of-donald-trumps-douchebaggery,3,./images/6164/6164_6_donald_trump_3.jpg,9b1919199999993a
2016-09-28 18:28:19,donald trump,http://www.slate.com/blogs/the_slatest/2016/02/27/donald_trump_vows_to_curb_press_freedom_through_libel_laws.html,4,./images/6164/6164_7_donald_trump_4.jpg,961b1b191999363e
2016-09-28 18:28:19,donald trump,http://www.slate.com/blogs/moneybox/2015/08/16/donald_trump_on_immigration_build_border_fence_make_mexico_pay_for_it.html,5,./images/6164/6164_8_donald_trump_5.jpg,cb49890dce9e9495
2016-09-28 18:28:19,donald trump,http://www.businessinsider.com/donald-trump-polls-leads-florida-michigan-ohio-2016-3,6,./images/6164/6164_9_donald_trump_6.jpg,cdcf4e4e4d4dcd9d
2016-09-29 18:28:19,donald trump,https://plus.google.com/104922825144470163120,1,./images/6236/6236_4_donald_trump_1.jpg,eec7c3ebd3726569
2016-09-29 18:28:19,donald trump,https://en.wikipedia.org/wiki/Donald_Trump,2,./images/6236/6236_5_donald_trump_2.jpg,1c8e9e948cacad4d
2016-09-29 18:28:19,donald trump,https://www.theodysseyonline.com/examples-of-donald-trumps-douchebaggery,3,./images/6236/6236_6_donald_trump_3.jpg,9b1919199999993a
2016-09-29 18:28:19,donald trump,http://www.slate.com/blogs/the_slatest/2016/02/27/donald_trump_vows_to_curb_press_freedom_through_libel_laws.html,4,./images/6236/6236_7_donald_trump_4.jpg,961b1b191999363e
2016-09-29 18:28:19,donald trump,http://www.slate.com/blogs/moneybox/2015/08/16/donald_trump_on_immigration_build_border_fence_make_mexico_pay_for_it.html,5,./images/6236/6236_8_donald_trump_5.jpg,cb49890dce9e9495
2016-09-29 18:28:19,donald trump,http://www.businessinsider.com/donald-trump-polls-leads-florida-michigan-ohio-2016-3,6,./images/6236/6236_9_donald_trump_6.jpg,cdcf4e4e4d4dcd9d
2016-09-30 18:28:19,donald trump,https://plus.google.com/104922825144470163120,1,./images/6308/6308_4_donald_trump_1.jpg,eec7c3ebd3726569
2016-09-30 18:28:19,donald trump,https://www.theodysseyonline.com/examples-of-donald-trumps-douchebaggery,2,./images/6308/6308_5_donald_trump_2.jpg,9b1919199999993a
2016-09-30 18:28:19,donald trump,http://www.slate.com/blogs/moneybox/2015/08/16/donald_trump_on_immigration_build_border_fence_make_mexico_pay_for_it.html,3,./images/6308/6308_6_donald_trump_3.jpg,cb49890dce9e9495
2016-09-30 18:28:19,donald trump,http://www.slate.com/blogs/the_slatest/2016/02/27/donald_trump_vows_to_curb_press_freedom_through_libel_laws.html,4,./images/6308/6308_7_donald_trump_4.jpg,961b1b191999363e
2016-09-30 18:28:19,donald trump,http://wonkette.com/605010/donald-trump-so-mad-colorado-fire-marshal-refused-to-let-him-die-in-a-fire,5,./images/6308/6308_8_donald_trump_5.jpg,961a1a1b8bcb9e9b
2016-10-01 18:28:19,donald trump,https://plus.google.com/104922825144470163120,1,./images/6380/6380_4_donald_trump_1.jpg,eec7c3ebd3726569
2016-10-01 18:28:19,donald trump,https://www.theodysseyonline.com/examples-of-donald-trumps-douchebaggery,2,./images/6380/6380_5_donald_trump_2.jpg,9b1919199999993a
2016-10-01 18:28:19,donald trump,http://www.slate.com/blogs/the_slatest/2016/02/27/donald_trump_vows_to_curb_press_freedom_through_libel_laws.html,3,./images/6380/6380_6_donald_trump_3.jpg,961b1b191999363e
2016-10-01 18:28:19,donald trump,http://www.slate.com/blogs/moneybox/2015/08/16/donald_trump_on_immigration_build_border_fence_make_mexico_pay_for_it.html,4,./images/6380/6380_7_donald_trump_4.jpg,cb49890dce9e9495
2016-10-01 18:28:19,donald trump,http://www.businessinsider.com/donald-trump-polls-leads-florida-michigan-ohio-2016-3,5,./images/6380/6380_8_donald_trump_5.jpg,cdcf4e4e4d4dcd9d
2016-10-02 18:28:19,donald trump,https://plus.google.com/104922825144470163120,1,./images/6452/6452_4_donald_trump_1.jpg,eec7c3ebd3726569
2016-10-02 18:28:19,donald trump,http://www.headlinepolitics.com/donald-trump-just-dropped-huge-hint-vp-pick/,2,./images/6452/6452_5_donald_trump_2.jpg,9b1919199999993a
2016-10-02 18:28:19,donald trump,http://www.slate.com/blogs/the_slatest/2016/02/27/donald_trump_vows_to_curb_press_freedom_through_libel_laws.html,3,./images/6452/6452_6_donald_trump_3.jpg,961b1b191999363e
2016-10-02 18:28:19,donald trump,http://www.slate.com/blogs/moneybox/2015/08/16/donald_trump_on_immigration_build_border_fence_make_mexico_pay_for_it.html,4,./images/6452/6452_7_donald_trump_4.jpg,cb49890dce9e9495
2016-10-02 18:28:19,donald trump,http://www.businessinsider.com/donald-trump-celebrity-endorsements-2-2016-7,5,./images/6452/6452_8_donald_trump_5.jpg,8d0e06060e0c2d8d
2016-10-03 18:28:19,donald trump,https://plus.google.com/104922825144470163120,1,./images/6524/6524_4_donald_trump_1.jpg,eec7c3ebd3726569
2016-10-03 18:28:19,donald trump,http://www.headlinepolitics.com/donald-trump-just-dropped-huge-hint-vp-pick/,2,./images/6524/6524_5_donald_trump_2.jpg,9b1919199999993a
2016-10-03 18:28:19,donald trump,http://www.slate.com/blogs/the_slatest/2016/02/27/donald_trump_vows_to_curb_press_freedom_through_libel_laws.html,3,./images/6524/6524_6_donald_trump_3.jpg,961b1b191999363e
2016-10-03 18:28:19,donald trump,http://www.businessinsider.com/donald-trump-celebrity-endorsements-2-2016-7,4,./images/6524/6524_7_donald_trump_4.jpg,8d0e06060e0c2d8d
2016-10-03 18:28:19,donald trump,http://www.slate.com/blogs/moneybox/2015/08/16/donald_trump_on_immigration_build_border_fence_make_mexico_pay_for_it.html,5,./images/6524/6524_8_donald_trump_5.jpg,cb49890dce9e9495
2016-10-04 18:28:19,donald trump,https://plus.google.com/104922825144470163120,1,./images/6596/6596_4_donald_trump_1.jpg,eec7c3ebd3726569
2016-10-04 18:28:19,donald trump,http://www.headlinepolitics.com/donald-trump-just-dropped-huge-hint-vp-pick/,2,./images/6596/6596_5_donald_trump_2.jpg,9b1919199999993a
2016-10-04 18:28:19,donald trump,http://www.slate.com/blogs/the_slatest/2016/02/27/donald_trump_vows_to_curb_press_freedom_through_libel_laws.html,3,./images/6596/6596_6_donald_trump_3.jpg,961b1b191999363e
2016-10-04 18:28:19,donald trump,http://www.businessinsider.com/donald-trump-celebrity-endorsements-2-2016-7,4,./images/6596/6596_7_donald_trump_4.jpg,8d0e06060e0c2d8d
2016-10-04 18:28:19,donald trump,http://www.slate.com/blogs/moneybox/2015/08/16/donald_trump_on_immigration_build_border_fence_make_mexico_pay_for_it.html,5,./images/6596/6596_8_donald_trump_5.jpg,cb49890dce9e9495
2016-10-05 18:28:19,donald trump,https://plus.google.com/104922825144470163120,1,./images/6668/6668_4_donald_trump_1.jpg,eec7c3ebd3726569
2016-10-05 18:28:19,donald trump,http://www.headlinepolitics.com/donald-trump-just-dropped-huge-hint-vp-pick/,2,./images/6668/6668_5_donald_trump_2.jpg,9b1919199999993a
2016-10-05 18:28:19,donald trump,http://www.slate.com/blogs/moneybox/2015/08/16/donald_trump_on_immigration_build_border_fence_make_mexico_pay_for_it.html,3,./images/6668/6668_6_donald_trump_3.jpg,cb49890dce9e9495
2016-10-05 18:28:19,donald trump,http://www.slate.com/blogs/the_slatest/2016/02/27/donald_trump_vows_to_curb_press_freedom_through_libel_laws.html,4,./images/6668/6668_7_donald_trump_4.jpg,961b1b191999363e
2016-10-05 18:28:19,donald trump,http://www.businessinsider.com/donald-trump-polls-leads-florida-michigan-ohio-2016-3,5,./images/6668/6668_8_donald_trump_5.jpg,cdcf4e4e4d4dcd9d
2016-10-06 18:28:19,donald trump,https://plus.google.com/104922825144470163120,1,./images/6740/6740_4_donald_trump_1.jpg,eec7c3ebd3726569
2016-10-06 18:28:19,donald trump,https://www.theodysseyonline.com/examples-of-donald-trumps-douchebaggery,2,./images/6740/6740_5_donald_trump_2.jpg,9b1919199999993a
2016-10-06 18:28:19,donald trump,http://www.slate.com/blogs/moneybox/2015/08/16/donald_trump_on_immigration_build_border_fence_make_mexico_pay_for_it.html,3,./images/6740/6740_6_donald_trump_3.jpg,cb49890dce9e9495
2016-10-06 18:28:19,donald trump,http://www.businessinsider.com/donald-trump-polls-leads-florida-michigan-ohio-2016-3,4,./images/6740/6740_7_donald_trump_4.jpg,cdcf4e4e4d4dcd9d
2016-10-06 18:28:19,donald trump,http://www.slate.com/blogs/the_slatest/2016/02/27/donald_trump_vows_to_curb_press_freedom_through_libel_laws.html,5,./images/6740/6740_8_donald_trump_5.jpg,961b1b191999363e
2016-10-07 18:28:19,donald trump,https://plus.google.com/104922825144470163120,1,./images/6812/6812_4_donald_trump_1.jpg,eec7c3ebd3726569
2016-10-07 18:28:19,donald trump,https://www.theodysseyonline.com/examples-of-donald-trumps-douchebaggery,2,./images/6812/6812_5_donald_trump_2.jpg,9b1919199999993a
2016-10-07 18:28:19,donald trump,http://www.slate.com/blogs/moneybox/2015/08/16/donald_trump_on_immigration_build_border_fence_make_mexico_pay_for_it.html,3,./images/6812/6812_6_donald_trump_3.jpg,cb49890dce9e9495
2016-10-07 18:28:19,donald trump,http://www.businessinsider.com/donald-trump-polls-leads-florida-michigan-ohio-2016-3,4,./images/6812/6812_7_donald_trump_4.jpg,cdcf4e4e4d4dcd9d
2016-10-07 18:28:19,donald trump,http://www.slate.com/blogs/the_slatest/2016/02/27/donald_trump_vows_to_curb_press_freedom_through_libel_laws.html,5,./images/6812/6812_8_donald_trump_5.jpg,961b1b191999363e
2016-10-08 18:28:19,donald trump,https://plus.google.com/104922825144470163120,1,./images/6884/6884_4_donald_trump_1.jpg,eec7c3ebd3726569
2016-10-08 18:28:19,donald trump,https://www.theodysseyonline.com/examples-of-donald-trumps-douchebaggery,2,./images/6884/6884_5_donald_trump_2.jpg,9b1919199999993a
2016-10-08 18:28:19,donald trump,http://www.slate.com/blogs/the_slatest/2016/02/27/donald_trump_vows_to_curb_press_freedom_through_libel_laws.html,3,./images/6884/6884_6_donald_trump_3.jpg,961b1b191999363e
2016-10-08 18:28:19,donald trump,http://www.businessinsider.com/donald-trump-polls-leads-florida-michigan-ohio-2016-3,4,./images/6884/6884_7_donald_trump_4.jpg,cdcf4e4e4d4dcd9d
2016-10-08 18:28:19,donald trump,http://www.slate.com/blogs/moneybox/2015/08/16/donald_trump_on_immigration_build_border_fence_make_mexico_pay_for_it.html,5,./images/6884/6884_8_donald_trump_5.jpg,cb49890dce9e9495
2016-10-09 18:28:19,donald trump,https://plus.google.com/104922825144470163120,1,./images/6956/6956_4_donald_trump_1.jpg,eec7c3ebd3726569
2016-10-09 18:28:19,donald trump,https://www.theodysseyonline.com/examples-of-donald-trumps-douchebaggery,2,./images/6956/6956_5_donald_trump_2.jpg,9b1919199999993a
2016-10-09 18:28:19,donald trump,http://www.slate.com/blogs/the_slatest/2016/02/27/donald_trump_vows_to_curb_press_freedom_through_libel_laws.html,3,./images/6956/6956_6_donald_trump_3.jpg,961b1b191999363e
2016-10-09 18:28:19,donald trump,http://www.slate.com/blogs/moneybox/2015/08/16/donald_trump_on_immigration_build_border_fence_make_mexico_pay_for_it.html,4,./images/6956/6956_7_donald_trump_4.jpg,cb49890dce9e9495
2016-10-09 18:28:19,donald trump,http://www.businessinsider.com/donald-trump-celebrity-endorsements-2-2016-7,5,./images/6956/6956_8_donald_trump_5.jpg,8d0e06060e0c2d8d
2016-10-10 18:28:19,donald trump,https://plus.google.com/104922825144470163120,1,./images/7028/7028_4_donald_trump_1.jpg,eec7c3ebd3726569
2016-10-10 18:28:19,donald trump,https://www.reddit.com/r/The_Donald/,2,./images/7028/7028_5_donald_trump_2.jpg,cb49890dce9e9495
2016-10-10 18:28:19,donald trump,https://www.theodysseyonline.com/examples-of-donald-trumps-douchebaggery,3,./images/7028/7028_6_donald_trump_3.jpg,9b1919199999993a
2016-10-10 18:28:19,donald trump,http://www.slate.com/blogs/the_slatest/2016/02/27/donald_trump_vows_to_curb_press_freedom_through_libel_laws.html,4,./images/7028/7028_7_donald_trump_4.jpg,961b1b191999363e
2016-10-10 18:28:19,donald trump,http://www.businessinsider.com/donald-trump-celebrity-endorsements-2-2016-7,5,./images/7028/7028_8_donald_trump_5.jpg,8d0e06060e0c2d8d
2016-10-11 21:31:30,donald trump,https://plus.google.com/104922825144470163120,1,./images/7082/7082_1_donald_trump_1.jpg,eec7c3ebd3726569
2016-10-11 21:31:30,donald trump,https://www.theodysseyonline.com/examples-of-donald-trumps-douchebaggery,2,./images/7082/7082_2_donald_trump_2.jpg,9b1919199999993a
2016-10-11 21:31:30,donald trump,http://www.slate.com/blogs/moneybox/2015/08/16/donald_trump_on_immigration_build_border_fence_make_mexico_pay_for_it.html,3,./images/7082/7082_3_donald_trump_3.jpg,cb49890dce9e9495
2016-10-11 21:31:30,donald trump,http://www.slate.com/blogs/the_slatest/2016/02/27/donald_trump_vows_to_curb_press_freedom_through_libel_laws.html,4,./images/7082/7082_4_donald_trump_4.jpg,961b1b191999363e
2016-10-11 21:31:30,donald trump,http://www.businessinsider.com/donald-trump-celeb-endorsements-2015-10,5,./images/7082/7082_5_donald_trump_5.jpg,8d0e06060e0c2d8d
2016-10-12 21:31:31,donald trump,https://plus.google.com/104922825144470163120,1,./images/7154/7154_1_donald_trump_1.jpg,eec7c3ebd3726569
2016-10-12 21:31:31,donald trump,https://www.theodysseyonline.com/examples-of-donald-trumps-douchebaggery,2,./images/7154/7154_2_donald_trump_2.jpg,9b1919199999993a
2016-10-12 21:31:31,donald trump,http://www.businessinsider.com/donald-trump-polls-leads-florida-michigan-ohio-2016-3,3,./images/7154/7154_3_donald_trump_3.jpg,cdcf4e4e4d4dcd9d
2016-10-12 21:31:31,donald trump,http://www.slate.com/blogs/moneybox/2015/08/16/donald_trump_on_immigration_build_border_fence_make_mexico_pay_for_it.html,4,./images/7154/7154_4_donald_trump_4.jpg,cb49890dce9e9495
2016-10-12 21:31:31,donald trump,http://www.slate.com/blogs/the_slatest/2016/02/27/donald_trump_vows_to_curb_press_freedom_through_libel_laws.html,5,./images/7154/7154_5_donald_trump_5.jpg,961b1b191999363e
2016-10-13 21:31:29,donald trump,https://plus.google.com/104922825144470163120,1,./images/7226/7226_1_donald_trump_1.jpg,eec7c3ebd3726569
2016-10-13 21:31:29,donald trump,https://www.theodysseyonline.com/examples-of-donald-trumps-douchebaggery,2,./images/7226/7226_2_donald_trump_2.jpg,9b1919199999993a
2016-10-13 21:31:29,donald trump,http://www.businessinsider.com/donald-trump-polls-leads-florida-michigan-ohio-2016-3,3,./images/7226/7226_3_donald_trump_3.jpg,cdcf4e4e4d4dcd9d
2016-10-13 21:31:29,donald trump,http://www.slate.com/blogs/the_slatest/2016/02/27/donald_trump_vows_to_curb_press_freedom_through_libel_laws.html,4,./images/7226/7226_4_donald_trump_4.jpg,961b1b191999363e
2016-10-13 21:31:29,donald trump,http://www.slate.com/blogs/moneybox/2015/08/16/donald_trump_on_immigration_build_border_fence_make_mexico_pay_for_it.html,5,./images/7226/7226_5_donald_trump_5.jpg,cb49890dce9e9495
2016-10-14 21:31:29,donald trump,https://plus.google.com/104922825144470163120,1,./images/7298/7298_1_donald_trump_1.jpg,eec7c3ebd3726569
2016-10-14 21:31:29,donald trump,https://www.theodysseyonline.com/examples-of-donald-trumps-douchebaggery,2,./images/7298/7298_2_donald_trump_2.jpg,9b1919199999993a
2016-10-14 21:31:29,donald trump,http://www.slate.com/blogs/the_slatest/2016/02/27/donald_trump_vows_to_curb_press_freedom_through_libel_laws.html,3,./images/7298/7298_3_donald_trump_3.jpg,961b1b191999363e
2016-10-14 21:31:29,donald trump,http://www.businessinsider.com/donald-trump-polls-leads-florida-michigan-ohio-2016-3,4,./images/7298/7298_4_donald_trump_4.jpg,cdcf4e4e4d4dcd9d
2016-10-14 21:31:29,donald trump,http://www.businessinsider.com/donald-trump-celeb-endorsements-2015-10,5,./images/7298/7298_5_donald_trump_5.jpg,8d0e06060e0c2d8d
2016-10-15 21:31:28,donald trump,https://plus.google.com/104922825144470163120,1,./images/7370/7370_1_donald_trump_1.jpg,eec7c3ebd3726569
2016-10-15 21:31:28,donald trump,https://www.theodysseyonline.com/examples-of-donald-trumps-douchebaggery,2,./images/7370/7370_2_donald_trump_2.jpg,9b1919199999993a
2016-10-15 21:31:28,donald trump,http://www.slate.com/blogs/the_slatest/2016/02/27/donald_trump_vows_to_curb_press_freedom_through_libel_laws.html,3,./images/7370/7370_3_donald_trump_3.jpg,961b1b191999363e
2016-10-15 21:31:28,donald trump,http://www.businessinsider.com/donald-trump-polls-leads-florida-michigan-ohio-2016-3,4,./images/7370/7370_4_donald_trump_4.jpg,cdcf4e4e4d4dcd9d
2016-10-15 21:31:28,donald trump,http://www.businessinsider.com/donald-trump-celebrity-endorsements-2-2016-7,5,./images/7370/7370_5_donald_trump_5.jpg,8d0e06060e0c2d8d
2016-10-16 21:31:28,donald trump,https://plus.google.com/104922825144470163120,1,./images/7442/7442_1_donald_trump_1.jpg,eec7c3ebd3726569
2016-10-16 21:31:28,donald trump,http://www.businessinsider.com/celebrities-who-support-trump-2016-10,2,./images/7442/7442_2_donald_trump_2.jpg,8d0e06060e0c2d8d
2016-10-16 21:31:28,donald trump,http://www.slate.com/blogs/the_slatest/2016/02/27/donald_trump_vows_to_curb_press_freedom_through_libel_laws.html,3,./images/7442/7442_3_donald_trump_3.jpg,961b1b191999363e
2016-10-16 21:31:28,donald trump,https://www.theodysseyonline.com/examples-of-donald-trumps-douchebaggery,4,./images/7442/7442_4_donald_trump_4.jpg,9b1919199999993a
2016-10-16 21:31:28,donald trump,http://www.businessinsider.com/donald-trump-polls-leads-florida-michigan-ohio-2016-3,5,./images/7442/7442_5_donald_trump_5.jpg,cdcf4e4e4d4dcd9d
2016-10-17 21:31:29,donald trump,https://plus.google.com/104922825144470163120,1,./images/7514/7514_1_donald_trump_1.jpg,eec7c3ebd3726569
2016-10-17 21:31:29,donald trump,http://www.businessinsider.com/celebrities-who-support-trump-2016-10,2,./images/7514/7514_2_donald_trump_2.jpg,8d0e06060e0c2d8d
2016-10-17 21:31:29,donald trump,http://www.slate.com/blogs/the_slatest/2016/02/27/donald_trump_vows_to_curb_press_freedom_through_libel_laws.html,3,./images/7514/7514_3_donald_trump_3.jpg,961b1b191999363e
2016-10-17 21:31:29,donald trump,http://www.businessinsider.com/donald-trump-polls-leads-florida-michigan-ohio-2016-3,4,./images/7514/7514_4_donald_trump_4.jpg,cdcf4e4e4d4dcd9d
2016-10-17 21:31:29,donald trump,https://www.theodysseyonline.com/examples-of-donald-trumps-douchebaggery,5,./images/7514/7514_5_donald_trump_5.jpg,9b1919199999993a
2016-10-18 21:31:28,donald trump,https://plus.google.com/104922825144470163120,1,./images/7586/7586_1_donald_trump_1.jpg,eec7c3ebd3726569
2016-10-18 21:31:28,donald trump,http://www.businessinsider.com/celebrities-who-support-trump-2016-10,2,./images/7586/7586_2_donald_trump_2.jpg,8d0e06060e0c2d8d
2016-10-18 21:31:28,donald trump,http://www.slate.com/blogs/the_slatest/2016/02/27/donald_trump_vows_to_curb_press_freedom_through_libel_laws.html,3,./images/7586/7586_3_donald_trump_3.jpg,961b1b191999363e
2016-10-18 21:31:28,donald trump,https://www.theodysseyonline.com/examples-of-donald-trumps-douchebaggery,4,./images/7586/7586_4_donald_trump_4.jpg,9b1919199999993a
2016-10-18 21:31:28,donald trump,http://www.slate.com/blogs/moneybox/2015/08/16/donald_trump_on_immigration_build_border_fence_make_mexico_pay_for_it.html,5,./images/7586/7586_5_donald_trump_5.jpg,cb49890dce9e9495
2016-10-19 21:31:29,donald trump,https://plus.google.com/104922825144470163120,1,./images/7658/7658_1_donald_trump_1.jpg,eec7c3ebd3726569
2016-10-19 21:31:29,donald trump,http://www.businessinsider.com/celebrities-who-support-trump-2016-10,2,./images/7658/7658_2_donald_trump_2.jpg,8d0e06060e0c2d8d
2016-10-19 21:31:29,donald trump,http://www.slate.com/blogs/the_slatest/2016/02/27/donald_trump_vows_to_curb_press_freedom_through_libel_laws.html,3,./images/7658/7658_3_donald_trump_3.jpg,961b1b191999363e
2016-10-19 21:31:29,donald trump,https://www.theodysseyonline.com/examples-of-donald-trumps-douchebaggery,4,./images/7658/7658_4_donald_trump_4.jpg,9b1919199999993a
2016-10-19 21:31:29,donald trump,http://www.slate.com/blogs/moneybox/2015/08/16/donald_trump_on_immigration_build_border_fence_make_mexico_pay_for_it.html,5,./images/7658/7658_5_donald_trump_5.jpg,cb49890dce9e9495
2016-10-20 21:31:28,donald trump,https://plus.google.com/104922825144470163120,1,./images/7730/7730_1_donald_trump_1.jpg,eec7c3ebd3726569
2016-10-20 21:31:28,donald trump,http://www.businessinsider.com/celebrities-who-support-trump-2016-10,2,./images/7730/7730_2_donald_trump_2.jpg,8d0e06060e0c2d8d
2016-10-20 21:31:28,donald trump,https://www.theodysseyonline.com/examples-of-donald-trumps-douchebaggery,3,./images/7730/7730_3_donald_trump_3.jpg,9b1919199999993a
2016-10-20 21:31:28,donald trump,http://www.slate.com/blogs/the_slatest/2016/02/27/donald_trump_vows_to_curb_press_freedom_through_libel_laws.html,4,./images/7730/7730_4_donald_trump_4.jpg,961b1b191999363e
2016-10-20 21:31:28,donald trump,http://www.businessinsider.com/donald-trump-polls-leads-florida-michigan-ohio-2016-3,5,./images/7730/7730_5_donald_trump_5.jpg,cdcf4e4e4d4dcd9d
2016-10-21 21:31:28,donald trump,https://plus.google.com/104922825144470163120,1,./images/7802/7802_1_donald_trump_1.jpg,eec7c3ebd3726569
2016-10-21 21:31:28,donald trump,https://www.theodysseyonline.com/examples-of-donald-trumps-douchebaggery,2,./images/7802/7802_2_donald_trump_2.jpg,9b1919199999993a
2016-10-21 21:31:28,donald trump,http://www.businessinsider.com/celebrities-who-support-trump-2016-10,3,./images/7802/7802_3_donald_trump_3.jpg,8d0e06060e0c2d8d
2016-10-21 21:31:28,donald trump,http://www.slate.com/blogs/the_slatest/2016/02/27/donald_trump_vows_to_curb_press_freedom_through_libel_laws.html,4,./images/7802/7802_4_donald_trump_4.jpg,961b1b191999363e
2016-10-21 21:31:28,donald trump,http://www.slate.com/blogs/moneybox/2015/08/16/donald_trump_on_immigration_build_border_fence_make_mexico_pay_for_it.html,5,./images/7802/7802_5_donald_trump_5.jpg,cb49890dce9e9495
2016-10-22 21:31:28,donald trump,https://plus.google.com/104922825144470163120,1,./images/7874/7874_1_donald_trump_1.jpg,eec7c3ebd3726569
2016-10-22 21:31:28,donald trump,https://www.theodysseyonline.com/examples-of-donald-trumps-douchebaggery,2,./images/7874/7874_2_donald_trump_2.jpg,9b1919199999993a
2016-10-22 21:31:28,donald trump,http://www.businessinsider.com/celebrities-who-support-trump-2016-10,3,./images/7874/7874_3_donald_trump_3.jpg,8d0e06060e0c2d8d
2016-10-22 21:31:28,donald trump,http://www.slate.com/blogs/the_slatest/2016/02/27/donald_trump_vows_to_curb_press_freedom_through_libel_laws.html,4,./images/7874/7874_4_donald_trump_4.jpg,961b1b191999363e
2016-10-22 21:31:28,donald trump,http://www.slate.com/blogs/moneybox/2015/08/16/donald_trump_on_immigration_build_border_fence_make_mexico_pay_for_it.html,5,./images/7874/7874_5_donald_trump_5.jpg,cb49890dce9e9495
2016-10-23 21:31:28,donald trump,https://plus.google.com/104922825144470163120,1,./images/7946/7946_1_donald_trump_1.jpg,eec7c3ebd3726569
2016-10-23 21:31:28,donald trump,https://www.theodysseyonline.com/examples-of-donald-trumps-douchebaggery,2,./images/7946/7946_2_donald_trump_2.jpg,9b1919199999993a
2016-10-23 21:31:28,donald trump,http://www.slate.com/blogs/the_slatest/2016/02/27/donald_trump_vows_to_curb_press_freedom_through_libel_laws.html,3,./images/7946/7946_3_donald_trump_3.jpg,961b1b191999363e
2016-10-23 21:31:28,donald trump,http://www.businessinsider.com/celebrities-who-support-trump-2016-10,4,./images/7946/7946_4_donald_trump_4.jpg,8d0e06060e0c2d8d
2016-10-23 21:31:28,donald trump,http://www.slate.com/blogs/moneybox/2015/08/16/donald_trump_on_immigration_build_border_fence_make_mexico_pay_for_it.html,5,./images/7946/7946_5_donald_trump_5.jpg,cb49890dce9e9495
2016-10-24 21:31:28,donald trump,https://plus.google.com/104922825144470163120,1,./images/8018/8018_1_donald_trump_1.jpg,eec7c3ebd3726569
2016-10-24 21:31:28,donald trump,http://www.slate.com/blogs/the_slatest/2016/02/27/donald_trump_vows_to_curb_press_freedom_through_libel_laws.html,2,./images/8018/8018_2_donald_trump_2.jpg,961b1b191999363e
2016-10-24 21:31:28,donald trump,http://www.businessinsider.com/celebrities-who-support-trump-2016-10,3,./images/8018/8018_3_donald_trump_3.jpg,8d0e06060e0c2d8d
2016-10-24 21:31:28,donald trump,https://www.theodysseyonline.com/examples-of-donald-trumps-douchebaggery,4,./images/8018/8018_4_donald_trump_4.jpg,9b1919199999993a
2016-10-24 21:31:28,donald trump,http://www.businessinsider.com/donald-trump-polls-leads-florida-michigan-ohio-2016-3,5,./images/8018/8018_5_donald_trump_5.jpg,cdcf4e4e4d4dcd9d
2016-10-25 21:31:28,donald trump,https://plus.google.com/104922825144470163120,1,./images/8090/8090_1_donald_trump_1.jpg,eec7c3ebd3726569
2016-10-25 21:31:28,donald trump,http://www.businessinsider.com/celebrities-who-support-trump-2016-10,2,./images/8090/8090_2_donald_trump_2.jpg,8d0e06060e0c2d8d
2016-10-25 21:31:28,donald trump,https://www.theodysseyonline.com/examples-of-donald-trumps-douchebaggery,3,./images/8090/8090_3_donald_trump_3.jpg,9b1919199999993a
2016-10-25 21:31:28,donald trump,http://www.slate.com/blogs/the_slatest/2016/02/27/donald_trump_vows_to_curb_press_freedom_through_libel_laws.html,4,./images/8090/8090_4_donald_trump_4.jpg,961b1b191999363e
2016-10-25 21:31:28,donald trump,http://www.slate.com/blogs/moneybox/2015/08/16/donald_trump_on_immigration_build_border_fence_make_mexico_pay_for_it.html,5,./images/8090/8090_5_donald_trump_5.jpg,cb49890dce9e9495
2016-10-26 21:31:28,donald trump,https://plus.google.com/104922825144470163120,1,./images/8162/8162_1_donald_trump_1.jpg,eec7c3ebd3726569
2016-10-26 21:31:28,donald trump,http://www.businessinsider.com/celebrities-who-support-trump-2016-10,2,./images/8162/8162_2_donald_trump_2.jpg,8d0e06060e0c2d8d
2016-10-26 21:31:28,donald trump,https://www.theodysseyonline.com/examples-of-donald-trumps-douchebaggery,3,./images/8162/8162_3_donald_trump_3.jpg,9b1919199999993a
2016-10-26 21:31:28,donald trump,http://www.slate.com/blogs/moneybox/2015/08/16/donald_trump_on_immigration_build_border_fence_make_mexico_pay_for_it.html,4,./images/8162/8162_4_donald_trump_4.jpg,cb49890dce9e9495
2016-10-26 21:31:28,donald trump,http://www.slate.com/blogs/the_slatest/2016/02/27/donald_trump_vows_to_curb_press_freedom_through_libel_laws.html,5,./images/8162/8162_5_donald_trump_5.jpg,961b1b191999363e
2016-10-27 21:31:28,donald trump,https://plus.google.com/104922825144470163120,1,./images/8234/8234_1_donald_trump_1.jpg,eec7c3ebd3726569
2016-10-27 21:31:28,donald trump,http://www.businessinsider.com/celebrities-who-support-trump-2016-10,2,./images/8234/8234_2_donald_trump_2.jpg,8d0e06060e0c2d8d
2016-10-27 21:31:28,donald trump,https://www.theodysseyonline.com/examples-of-donald-trumps-douchebaggery,3,./images/8234/8234_3_donald_trump_3.jpg,9b1919199999993a
2016-10-27 21:31:28,donald trump,http://www.slate.com/blogs/moneybox/2015/08/16/donald_trump_on_immigration_build_border_fence_make_mexico_pay_for_it.html,4,./images/8234/8234_4_donald_trump_4.jpg,cb49890dce9e9495
2016-10-27 21:31:28,donald trump,http://www.slate.com/blogs/the_slatest/2016/02/27/donald_trump_vows_to_curb_press_freedom_through_libel_laws.html,5,./images/8234/8234_5_donald_trump_5.jpg,961b1b191999363e
2016-10-28 21:31:28,donald trump,https://plus.google.com/104922825144470163120,1,./images/8306/8306_1_donald_trump_1.jpg,eec7c3ebd3726569
2016-10-28 21:31:28,donald trump,https://www.theodysseyonline.com/examples-of-donald-trumps-douchebaggery,2,./images/8306/8306_2_donald_trump_2.jpg,9b1919199999993a
2016-10-28 21:31:28,donald trump,http://www.businessinsider.com/celebrities-who-support-trump-2016-10,3,./images/8306/8306_3_donald_trump_3.jpg,8d0e06060e0c2d8d
2016-10-28 21:31:28,donald trump,http://www.slate.com/blogs/moneybox/2015/08/16/donald_trump_on_immigration_build_border_fence_make_mexico_pay_for_it.html,4,./images/8306/8306_4_donald_trump_4.jpg,cb49890dce9e9495
2016-10-28 21:31:28,donald trump,http://www.nationalreview.com/article/431420/donald-trumps-2016-debate-lies-he-went-bankrupt,5,./images/8306/8306_5_donald_trump_5.jpg,1e3e3e3f3b169b93
